,No,名前,世代,HP,こうげき,ぼうぎょ,とくこう,とくぼう,すばやさ,とくせい1,とくせい2,とくせい3,タイプ1,タイプ2
0,1,フシギダネ,1,45,49,49,65,65,45,しんりょく,-,ようりょくそ,くさ,どく
1,2,フシギソウ,1,60,62,63,80,80,60,しんりょく,-,ようりょくそ,くさ,どく
2,3,フシギバナ,1,80,82,83,100,100,80,しんりょく,-,ようりょくそ,くさ,どく
3,3,メガフシギバナ,6,80,100,123,122,120,80,あついしぼう,-,-,くさ,どく
4,4,ヒトカゲ,1,39,52,43,60,50,65,もうか,-,サンパワー,ほのお,-
5,5,リザード,1,58,64,58,80,65,80,もうか,-,サンパワー,ほのお,-
6,6,リザードン,1,78,84,78,109,85,100,もうか,-,サンパワー,ほのお,ひこう
7,6,メガリザードンX,6,78,130,111,130,85,100,かたいツメ,-,-,ほのお,ドラゴン
8,6,メガリザードンY,6,78,104,78,159,115,100,ひでり,-,-,ほのお,ひこう
9,7,ゼニガメ,1,44,48,65,50,64,43,げきりゅう,-,あめうけざら,みず,-
10,8,カメール,1,59,63,80,65,80,58,げきりゅう,-,あめうけざら,みず,-
11,9,カメックス,1,79,83,100,85,105,78,げきりゅう,-,あめうけざら,みず,-
12,9,メガカメックス,6,79,103,120,135,115,78,メガランチャー,-,-,みず,-
13,10,キャタピー,1,45,30,35,20,20,45,りんぷん,-,にげあし,むし,-
14,11,トランセル,1,50,20,55,25,25,30,だっぴ,-,-,むし,-
15,12,バタフリー,1,60,45,50,90,80,70,ふくがん,-,いろめがね,むし,ひこう
16,13,ビードル,1,40,35,30,20,20,50,りんぷん,-,にげあし,むし,どく
17,14,コクーン,1,45,25,50,25,25,35,だっぴ,-,-,むし,どく
18,15,スピアー,1,65,90,40,45,80,75,むしのしらせ,-,スナイパー,むし,どく
19,15,メガスピアー,6,65,150,40,15,80,145,てきおうりょく,-,-,むし,どく
20,16,ポッポ,1,40,45,40,35,35,56,するどいめ,ちどりあし,はとむね,ノーマル,ひこう
21,17,ピジョン,1,63,60,55,50,50,71,するどいめ,ちどりあし,はとむね,ノーマル,ひこう
22,18,ピジョット,1,83,80,75,70,70,91,するどいめ,ちどりあし,はとむね,ノーマル,ひこう
23,18,メガピジョット,6,83,80,80,135,80,121,ノーガード,-,-,ノーマル,ひこう
24,19,コラッタ,1,30,56,35,25,35,72,にげあし,こんじょう,はりきり,ノーマル,-
25,19,コラッタ,1,30,56,35,25,25,72,くいしんぼう,はりきり,あついしぼう,あく,ノーマル
26,20,ラッタ,1,55,81,60,50,70,97,にげあし,こんじょう,はりきり,ノーマル,-
27,20,ラッタ,1,75,71,70,40,80,77,くいしんぼう,はりきり,あついしぼう,あく,ノーマル
28,21,オニスズメ,1,40,60,30,31,31,70,するどいめ,-,スナイパー,ノーマル,ひこう
29,22,オニドリル,1,65,90,65,61,61,100,するどいめ,-,スナイパー,ノーマル,ひこう
30,23,アーボ,1,35,60,44,40,54,55,いかく,だっぴ,きんちょうかん,どく,-
31,24,アーボック,1,60,95,69,65,79,80,いかく,だっぴ,きんちょうかん,どく,-
32,25,ピカチュウ,1,35,55,40,50,50,90,せいでんき,-,ひらいしん,でんき,-
33,26,ライチュウ,1,60,90,55,90,80,110,せいでんき,-,ひらいしん,でんき,-
34,26,ライチュウ,1,60,85,50,95,85,110,サーフテール,-,-,でんき,エスパー
35,27,サンド,1,50,75,85,20,30,40,すながくれ,-,すなかき,じめん,-
36,27,サンド,1,50,75,90,10,35,40,ゆきがくれ,-,ゆきかき,こおり,はがね
37,28,サンドパン,1,75,100,110,45,55,65,すながくれ,-,すなかき,じめん,-
38,28,サンドパン,1,75,100,120,25,65,65,ゆきがくれ,-,ゆきかき,こおり,はがね
39,29,ニドラン♀,1,55,47,52,40,40,41,どくのトゲ,とうそうしん,はりきり,どく,-
40,30,ニドリーナ,1,70,62,67,55,55,56,どくのトゲ,とうそうしん,はりきり,どく,-
41,31,ニドクイン,1,90,92,87,75,85,76,どくのトゲ,とうそうしん,ちからずく,どく,じめん
42,32,ニドラン♂,1,46,57,40,40,40,50,どくのトゲ,とうそうしん,はりきり,どく,-
43,33,ニドリーノ,1,61,72,57,55,55,65,どくのトゲ,とうそうしん,はりきり,どく,-
44,34,ニドキング,1,81,102,77,85,75,85,どくのトゲ,とうそうしん,ちからずく,どく,じめん
45,35,ピッピ,1,70,45,48,60,65,35,メロメロボディ,マジックガード,フレンドガード,フェアリー,-
46,36,ピクシー,1,95,70,73,95,90,60,メロメロボディ,マジックガード,てんねん,フェアリー,-
47,37,ロコン,1,38,41,40,50,65,65,もらいび,-,ひでり,ほのお,-
48,37,ロコン,1,38,41,40,50,65,65,ゆきがくれ,-,ゆきふらし,こおり,-
49,38,キュウコン,1,73,76,75,81,100,100,もらいび,-,ひでり,ほのお,-
50,38,キュウコン,1,73,67,75,81,100,109,ゆきがくれ,-,ゆきふらし,こおり,フェアリー
51,39,プリン,1,115,45,20,45,25,20,メロメロボディ,かちき,フレンドガード,ノーマル,フェアリー
52,40,プクリン,1,140,70,45,95,50,45,メロメロボディ,かちき,おみとおし,ノーマル,フェアリー
53,41,ズバット,1,40,45,35,30,40,55,せいしんりょく,-,すりぬけ,どく,ひこう
54,42,ゴルバット,1,75,80,70,65,75,90,せいしんりょく,-,すりぬけ,どく,ひこう
55,43,ナゾノクサ,1,45,50,55,75,65,30,ようりょくそ,-,にげあし,くさ,どく
56,44,クサイハナ,1,60,65,70,85,75,40,ようりょくそ,-,あくしゅう,くさ,どく
57,45,ラフレシア,1,75,80,85,110,90,50,ようりょくそ,-,ほうし,くさ,どく
58,46,パラス,1,35,70,55,45,55,25,ほうし,かんそうはだ,しめりけ,むし,くさ
59,47,パラセクト,1,60,95,80,60,80,30,ほうし,かんそうはだ,しめりけ,むし,くさ
60,48,コンパン,1,60,55,50,40,55,45,ふくがん,いろめがね,にげあし,むし,どく
61,49,モルフォン,1,70,65,60,90,75,90,りんぷん,いろめがね,ミラクルスキン,むし,どく
62,50,ディグダ,1,10,55,25,35,45,95,すながくれ,ありじごく,すなのちから,じめん,-
63,50,ディグダ,7,10,55,30,35,45,90,すながくれ,カーリーヘアー,すなのちから,じめん,-
64,51,ダグトリオ,1,35,100,50,50,70,120,すながくれ,ありじごく,すなのちから,じめん,-
65,51,ダグトリオ,7,35,80,50,50,70,120,すながくれ,カーリーヘアー,すなのちから,じめん,-
66,52,ニャース,1,40,45,35,40,40,90,ものひろい,テクニシャン,きんちょうかん,ノーマル,-
67,52,ニャース,7,40,35,35,50,40,90,ものひろい,テクニシャン,びびり,あく,-
68,53,ペルシアン,1,65,70,60,65,65,115,じゅうなん,テクニシャン,きんちょうかん,ノーマル,-
69,53,ペルシアン,7,65,60,60,75,65,115,ファーコート,テクニシャン,びびり,あく,-
70,54,コダック,1,50,52,48,65,50,55,しめりけ,ノーてんき,すいすい,みず,-
71,55,ゴルダック,1,80,82,78,95,80,85,しめりけ,ノーてんき,すいすい,みず,-
72,56,マンキー,1,40,80,35,35,45,70,やるき,いかりのツボ,まけんき,かくとう,-
73,57,オコリザル,1,65,105,60,60,70,95,やるき,いかりのツボ,まけんき,かくとう,-
74,58,ガーディ,1,55,70,45,70,50,60,いかく,もらいび,せいぎのこころ,ほのお,-
75,59,ウインディ,1,90,110,80,100,80,95,いかく,もらいび,せいぎのこころ,ほのお,-
76,60,ニョロモ,1,40,50,40,40,40,90,ちょすい,しめりけ,すいすい,みず,-
77,61,ニョロゾ,1,65,65,65,50,50,90,ちょすい,しめりけ,すいすい,みず,-
78,62,ニョロボン,1,90,95,95,70,90,70,ちょすい,しめりけ,すいすい,みず,かくとう
79,63,ケーシィ,1,25,20,15,105,55,90,シンクロ,せいしんりょく,マジックガード,エスパー,-
80,64,ユンゲラー,1,40,35,30,120,70,105,シンクロ,せいしんりょく,マジックガード,エスパー,-
81,65,フーディン,1,55,50,45,135,95,120,シンクロ,せいしんりょく,マジックガード,エスパー,-
82,65,メガフーディン,6,55,50,65,175,105,150,トレース,-,-,エスパー,-
83,66,ワンリキー,1,70,80,50,35,35,35,こんじょう,ノーガード,ふくつのこころ,かくとう,-
84,67,ゴーリキー,1,80,100,70,50,60,45,こんじょう,ノーガード,ふくつのこころ,かくとう,-
85,68,カイリキー,1,90,130,80,65,85,55,こんじょう,ノーガード,ふくつのこころ,かくとう,-
86,69,マダツボミ,1,50,75,35,70,30,40,ようりょくそ,-,くいしんぼう,くさ,どく
87,70,ウツドン,1,65,90,50,85,45,55,ようりょくそ,-,くいしんぼう,くさ,どく
88,71,ウツボット,1,80,105,65,100,60,70,ようりょくそ,-,くいしんぼう,くさ,どく
89,72,メノクラゲ,1,40,40,35,50,100,70,クリアボディ,ヘドロえき,あめうけざら,みず,どく
90,73,ドククラゲ,1,80,70,65,80,120,100,クリアボディ,ヘドロえき,あめうけざら,みず,どく
91,74,イシツブテ,1,40,80,100,30,30,20,いしあたま,がんじょう,すながくれ,いわ,じめん
92,74,イシツブテ,7,40,80,100,30,30,20,じりょく,がんじょう,エレキスキン,いわ,でんき
93,75,ゴローン,1,55,95,115,45,45,35,いしあたま,がんじょう,すながくれ,いわ,じめん
94,75,ゴローン,7,55,95,115,45,45,35,じりょく,がんじょう,エレキスキン,いわ,でんき
95,76,ゴローニャ,1,80,120,130,55,65,45,いしあたま,がんじょう,すながくれ,いわ,じめん
96,76,ゴローニャ,7,80,120,130,55,65,45,じりょく,がんじょう,エレキスキン,いわ,でんき
97,77,ポニータ,1,50,85,55,65,65,90,にげあし,もらいび,ほのおのからだ,ほのお,-
98,78,ギャロップ,1,65,100,70,80,80,105,にげあし,もらいび,ほのおのからだ,ほのお,-
99,79,ヤドン,1,90,65,65,40,40,15,どんかん,マイペース,さいせいりょく,みず,エスパー
100,80,ヤドラン,1,95,75,110,100,80,30,どんかん,マイペース,さいせいりょく,みず,エスパー
101,80,メガヤドラン,6,95,75,180,130,80,30,シェルアーマー,-,-,みず,エスパー
102,81,コイル,1,25,35,70,95,55,45,じりょく,がんじょう,アナライズ,でんき,はがね
103,82,レアコイル,1,50,60,95,120,70,70,じりょく,がんじょう,アナライズ,でんき,はがね
104,83,カモネギ,1,52,90,55,58,62,60,するどいめ,せいしんりょく,まけんき,ノーマル,ひこう
105,84,ドードー,1,35,85,45,35,35,75,にげあし,はやおき,ちどりあし,ノーマル,ひこう
106,85,ドードリオ,1,60,110,70,60,60,110,にげあし,はやおき,ちどりあし,ノーマル,ひこう
107,86,パウワウ,1,65,45,55,45,70,45,あついしぼう,うるおいボディ,アイスボディ,みず,-
108,87,ジュゴン,1,90,70,80,70,95,70,あついしぼう,うるおいボディ,アイスボディ,みず,こおり
109,88,ベトベター,1,80,80,50,40,50,25,あくしゅう,ねんちゃく,どくしゅ,どく,-
110,88,ベトベター,7,80,80,50,40,50,25,どくしゅ,くいしんぼう,かがくのちから,どく,あく
111,89,ベトベトン,1,105,105,75,65,100,50,あくしゅう,ねんちゃく,どくしゅ,どく,-
112,89,ベトベトン,7,105,105,75,65,100,50,どくしゅ,くいしんぼう,かがくのちから,どく,あく
113,90,シェルダー,1,30,65,100,45,25,40,シェルアーマー,スキルリンク,ぼうじん,みず,-
114,91,パルシェン,1,50,95,180,85,45,70,シェルアーマー,スキルリンク,ぼうじん,みず,こおり
115,92,ゴース,1,30,35,30,100,35,80,ふゆう,-,-,ゴースト,どく
116,93,ゴースト,1,45,50,45,115,55,95,ふゆう,-,-,ゴースト,どく
117,94,ゲンガー,1,60,65,60,130,75,110,のろわれボディ,-,-,ゴースト,どく
118,94,メガゲンガー,6,60,65,80,170,95,130,かげふみ,-,-,ゴースト,どく
119,95,イワーク,1,35,45,160,30,45,70,いしあたま,がんじょう,くだけるよろい,いわ,じめん
120,96,スリープ,1,60,48,45,43,90,42,ふみん,よちむ,せいしんりょく,エスパー,-
121,97,スリーパー,1,85,73,70,73,115,67,ふみん,よちむ,せいしんりょく,エスパー,-
122,98,クラブ,1,30,105,90,25,25,50,かいりきバサミ,シェルアーマー,ちからずく,みず,-
123,99,キングラー,1,55,130,115,50,50,75,かいりきバサミ,シェルアーマー,ちからずく,みず,-
124,100,ビリリダマ,1,40,30,50,55,55,100,ぼうおん,せいでんき,ゆうばく,でんき,-
125,101,マルマイン,1,60,50,70,80,80,150,ぼうおん,せいでんき,ゆうばく,でんき,-
126,102,タマタマ,1,60,40,80,60,45,40,ようりょくそ,-,しゅうかく,くさ,エスパー
127,103,ナッシー,1,95,95,85,125,75,55,ようりょくそ,-,しゅうかく,くさ,エスパー
128,103,ナッシー,1,95,105,85,125,75,45,おみとおし,-,しゅうかく,くさ,ドラゴン
129,104,カラカラ,1,50,50,95,40,50,35,ひらいしん,いしあたま,カブトアーマー,じめん,-
130,105,ガラガラ,1,60,80,110,50,80,45,ひらいしん,いしあたま,カブトアーマー,じめん,-
131,105,ガラガラ,1,60,80,110,50,80,45,のろわれボディ,ひらいしん,いしあたま,ほのお,ゴースト
132,106,サワムラー,1,50,120,53,35,110,87,じゅうなん,すてみ,かるわざ,かくとう,-
133,107,エビワラー,1,50,105,79,35,110,76,するどいめ,てつのこぶし,せいしんりょく,かくとう,-
134,108,ベロリンガ,1,90,55,75,60,75,30,マイペース,どんかん,のうてんき,ノーマル,-
135,109,ドガース,1,40,65,95,60,45,35,ふゆう,-,-,どく,-
136,110,マタドガス,1,65,90,120,85,70,60,ふゆう,-,-,どく,-
137,111,サイホーン,1,80,85,95,30,30,25,-,-,-,じめん,いわ
138,112,サイドン,1,105,130,120,45,45,40,ひらいしん,いしあたま,すてみ,じめん,いわ
139,113,ラッキー,1,250,5,5,35,105,50,しぜんかいふく,てんのめぐみ,いやしのこころ,ノーマル,-
140,114,モンジャラ,1,65,55,115,100,40,60,ようりょくそ,リーフガード,さいせいりょく,くさ,-
141,115,ガルーラ,1,105,95,80,40,80,90,はやおき,きもったま,せいしんりょく,ノーマル,-
142,115,メガガルーラ,6,105,125,100,60,100,100,おやこあい,-,-,ノーマル,-
143,116,タッツー,1,30,40,70,70,25,60,すいすい,スナイパー,しめりけ,みず,-
144,117,シードラ,1,55,65,95,95,45,85,どくのとげ,スナイパー,しめりけ,みず,-
145,118,トサキント,1,45,67,60,35,50,63,すいすい,みずのベール,ひらいしん,みず,-
146,119,アズマオウ,1,80,92,65,65,80,68,すいすい,みずのベール,ひらいしん,みず,-
147,120,ヒトデマン,1,30,45,55,70,55,85,はっこう,しぜんかいふく,アナライズ,みず,-
148,121,スターミー,1,60,75,85,100,85,115,はっこう,しぜんかいふく,アナライズ,みず,エスパー
149,122,バリヤード,1,40,45,65,100,120,90,ぼうおん,フィルター,テクニシャン,エスパー,フェアリー
150,123,ストライク,1,70,110,80,55,80,105,むしのしらせ,テクニシャン,ふくつのこころ,むし,ひこう
151,124,ルージュラ,1,65,50,35,115,95,95,どんかん,よちむ,かんそうはだ,こおり,エスパー
152,125,エレブー,1,65,83,57,95,85,105,せいでんき,-,やるき,でんき,-
153,126,ブーバー,1,65,95,57,100,85,93,ほのおのからだ,-,やるき,ほのお,-
154,127,カイロス,1,65,125,100,55,70,85,かいりきバサミ,かたやぶり,じしんかじょう,むし,-
155,127,メガカイロス,6,65,155,120,65,90,105,スカイスキン,-,-,むし,ひこう
156,128,ケンタロス,1,75,100,95,40,70,110,いかく,いかりのツボ,ちからずく,ノーマル,-
157,129,コイキング,1,20,10,55,15,20,80,すいすい,-,びびり,みず,-
158,130,ギャラドス,1,95,125,79,60,100,81,いかく,-,じしんかじょう,みず,ひこう
159,130,メガギャラドス,6,95,155,109,70,130,81,かたやぶり,-,-,みず,あく
160,131,ラプラス,1,130,85,80,85,95,60,ちょすい,シェルアーマー,うるおいボディ,みず,こおり
161,132,メタモン,1,48,48,48,48,48,48,じゅうなん,-,かわりもの,ノーマル,-
162,133,イーブイ,1,55,55,50,45,65,55,ちょすい,-,うるおいボディ,ノーマル,-
163,134,シャワーズ,1,130,65,60,110,95,65,ちょすい,-,うるおいボディ,みず,-
164,135,サンダース,1,65,65,60,110,95,130,ちくでん,-,はやあし,でんき,-
165,136,ブースター,1,65,130,60,95,110,65,もらいび,-,こんじょう,ほのお,-
166,137,ポリゴン,1,65,60,70,85,75,40,トレース,ダウンロード,アナライズ,ノーマル,-
167,138,オムナイト,1,35,40,100,90,55,35,すいすい,シェルアーマー,くだけるよろい,いわ,みず
168,139,オムスター,1,70,60,125,115,70,55,すいすい,シェルアーマー,くだけるよろい,いわ,みず
169,140,カブト,1,30,80,90,55,45,55,すいすい,カブトアーマー,くだけるよろい,いわ,みず
170,141,カブトプス,1,60,115,105,65,70,80,すいすい,カブトアーマー,くだけるよろい,いわ,みず
171,142,プテラ,1,80,105,65,60,75,130,いしあたま,プレッシャー,きんちょうかん,いわ,ひこう
172,142,メガプテラ,6,80,135,85,70,95,150,かたいツメ,-,-,いわ,ひこう
173,143,カビゴン,1,160,110,65,65,110,30,めんえき,あついしぼう,くいしんぼう,ノーマル,-
174,144,フリーザー,1,90,85,100,95,125,85,プレッシャー,-,ゆきがくれ,こおり,ひこう
175,145,サンダー,1,90,90,85,125,90,100,プレッシャー,-,せいでんき,でんき,ひこう
176,146,ファイヤー,1,90,100,90,125,85,90,プレッシャー,-,ほのおのからだ,ほのお,ひこう
177,147,ミニリュウ,1,61,84,65,70,70,70,だっぴ,-,ふしぎなうろこ,ドラゴン,-
178,148,ハクリュー,1,91,134,95,100,100,80,だっぴ,-,ふしぎなうろこ,ドラゴン,-
179,149,カイリュー,1,91,134,95,100,100,80,せいしんりょく,-,マルチスケイル,ドラゴン,ひこう
180,150,ミュウツー,1,106,110,90,154,90,130,プレッシャー,-,きんちょうかん,エスパー,-
181,150,メガミュウツーX,6,106,190,100,154,100,130,ふくつのこころ,-,-,エスパー,-
182,150,メガミュウツーY,6,106,150,70,194,120,140,ふみん,-,-,エスパー,-
183,151,ミュウ,1,100,100,100,100,100,100,シンクロ,-,-,エスパー,-
184,152,チコリータ,2,45,49,65,49,65,45,しんりょく,-,リーフガード,くさ,-
185,153,ベイリーフ,2,60,62,80,63,80,60,しんりょく,-,リーフガード,くさ,-
186,154,メガニウム,2,80,82,100,83,100,80,しんりょく,-,リーフガード,くさ,-
187,155,ヒノアラシ,2,39,52,43,60,50,65,もうか,-,もらいび,ほのお,-
188,156,マグマラシ,2,58,64,58,80,65,80,もうか,-,もらいび,ほのお,-
189,157,バクフーン,2,78,84,78,109,85,100,もうか,-,もらいび,ほのお,-
190,158,ワニノコ,2,50,65,64,44,48,43,げきりゅう,-,ちからずく,みず,-
191,159,アリゲイツ,2,65,80,80,59,63,58,げきりゅう,-,ちからずく,みず,-
192,160,オーダイル,2,85,105,100,79,83,78,げきりゅう,-,ちからずく,みず,-
193,161,オタチ,2,35,46,34,35,45,20,にげあし,するどいめ,おみとおし,ノーマル,-
194,162,オオタチ,2,85,76,64,45,55,90,にげあし,するどいめ,おみとおし,ノーマル,-
195,163,ホーホー,2,60,30,30,36,56,50,ふみん,するどいめ,いろめがね,ノーマル,ひこう
196,164,ヨルノズク,2,100,50,50,86,96,70,ふみん,するどいめ,いろめがね,ノーマル,ひこう
197,165,レディバ,2,40,20,30,40,80,55,むしのしらせ,はやおき,びびり,むし,ひこう
198,166,レディアン,2,55,35,50,55,110,85,むしのしらせ,はやおき,てつのこぶし,むし,ひこう
199,167,イトマル,2,40,60,40,40,40,30,むしのしらせ,ふみん,スナイパー,むし,どく
200,168,アリアドス,2,70,90,70,60,70,40,むしのしらせ,ふみん,スナイパー,むし,どく
201,169,クロバット,2,85,90,80,70,80,130,せいしんりょく,-,すりぬけ,どく,ひこう
202,170,チョンチー,2,75,38,38,56,56,67,ちくでん,はっこう,ちょすい,みず,でんき
203,171,ランターン,2,125,58,58,76,76,67,ちくでん,はっこう,ちょすい,みず,でんき
204,172,ピチュー,2,20,40,15,35,35,60,せいでんき,-,ひらいしん,でんき,-
205,173,ピィ,2,50,25,28,45,55,15,メロメロボディ,マジックガード,フレンドガード,フェアリー,-
206,174,ププリン,2,90,30,15,40,20,15,メロメロボディ,かちき,フレンドガード,ノーマル,フェアリー
207,175,トゲピー,2,35,20,65,40,65,20,はりきり,てんのめぐみ,きょううん,フェアリー,-
208,176,トゲチック,2,55,40,85,80,105,40,はりきり,てんのめぐみ,きょううん,フェアリー,ひこう
209,177,ネイティ,2,40,50,45,70,45,70,シンクロ,はやおき,マジックミラー,エスパー,ひこう
210,178,ネイティオ,2,65,75,70,95,70,95,シンクロ,はやおき,マジックミラー,エスパー,ひこう
211,179,メリープ,2,55,40,40,65,45,35,せいでんき,-,プラス,でんき,-
212,180,モココ,2,70,55,55,80,60,45,せいでんき,-,プラス,でんき,-
213,181,デンリュウ,2,90,75,85,115,90,55,せいでんき,-,プラス,でんき,-
214,181,メガデンリュウ,6,90,95,105,165,110,45,かたやぶり,-,-,でんき,ドラゴン
215,182,キレイハナ,2,75,80,95,90,100,50,ようりょくそ,-,いやしのこころ,くさ,-
216,183,マリル,2,70,20,50,20,50,40,あついしぼう,ちからもち,そうしょく,みず,フェアリー
217,184,マリルリ,2,100,50,80,60,80,50,あついしぼう,ちからもち,そうしょく,みず,フェアリー
218,185,ウソッキー,2,70,100,115,30,65,30,がんじょう,いしあたま,びびり,いわ,-
219,186,ニョロトノ,2,90,75,75,90,100,70,ちょすい,しめりけ,あめふらし,みず,-
220,187,ハネッコ,2,35,35,40,35,55,50,ようりょくそ,リーフガード,すりぬけ,くさ,ひこう
221,188,ポポッコ,2,55,45,50,45,65,80,ようりょくそ,リーフガード,すりぬけ,くさ,ひこう
222,189,ワタッコ,2,75,55,70,55,95,110,ようりょくそ,リーフガード,すりぬけ,くさ,ひこう
223,190,エイパム,2,55,70,55,40,55,85,にげあり,ものひろい,スキルリンク,ノーマル,-
224,191,ヒマナッツ,2,30,30,30,30,30,30,ようりょくそ,サンパワー,はやおき,くさ,-
225,192,キマワリ,2,75,75,55,105,85,30,ようりょくそ,サンパワー,はやおき,くさ,-
226,193,ヤンヤンマ,2,65,65,45,75,45,95,かそく,ふくがん,おみとおし,むし,ひこう
227,194,ウパー,2,55,45,45,25,25,15,しめりけ,ちょすい,てんねん,みず,じめん
228,195,ヌオー,2,95,85,85,65,65,35,しめりけ,ちょすい,てんねん,みず,じめん
229,196,エーフィ,2,65,65,60,130,95,110,シンクロ,-,マジックミラー,エスパー,-
230,197,ブラッキー,2,95,65,110,60,130,65,シンクロ,-,せいしんりょく,あく,-
231,198,ヤミカラス,2,60,85,42,85,42,91,ふみん,きょううん,いたずらごころ,あく,ひこう
232,199,ヤドキング,2,95,75,80,100,110,30,どんかん,マイペース,さいせいりょく,みず,エスパー
233,200,ムウマ,2,60,60,60,85,85,85,ふゆう,-,-,ゴースト,-
234,201,アンノーン,2,48,72,48,72,48,48,ふゆう,-,-,エスパー,-
235,202,ソーナンス,2,190,33,58,33,58,33,かげふみ,-,テレパシー,エスパー,-
236,203,キリンリキ,2,70,80,65,90,65,85,せいしんりょく,はやおき,そうしょく,ノーマル,エスパー
237,204,クヌギダマ,2,50,65,90,35,35,15,がんじょう,-,ぼうじん,むし,-
238,205,フォレトス,2,75,90,140,60,60,40,がんじょう,-,ぼうじん,むし,はがね
239,206,ノコッチ,2,100,70,70,65,65,45,てんのめぐみ,にげあし,びびり,ノーマル,-
240,207,グライガー,2,65,75,105,35,65,85,かいりきバサミ,すながくれ,めんえき,じめん,ひこう
241,208,ハガネール,2,75,85,200,55,65,30,いしあたま,がんじょう,ちからずく,はがね,じめん
242,208,メガハガネール,6,75,125,230,55,95,30,すなのちから,-,-,はがね,じめん
243,209,ブルー,2,60,80,50,40,40,30,いかく,にげあり,びびり,フェアリー,-
244,210,グランブル,2,90,120,75,60,60,45,いかく,にげあし,びびり,フェアリー,-
245,211,ハリーセン,2,65,95,85,55,55,85,どくのトゲ,すいすい,いかく,みず,どく
246,212,ハッサム,2,70,130,100,55,80,65,むしのしらせ,テクニシャン,ライトメタル,むし,はがね
247,212,メガハッサム,6,70,150,140,65,100,75,テクニシャン,-,-,むし,はがね
248,213,ツボツボ,2,20,10,230,10,230,5,がんじょう,くいしんぼう,あまのじゃく,むし,いわ
249,214,ヘラクロス,2,80,125,75,40,95,85,むしのしらせ,こんじょう,じしんかじょう,むし,かくとう
250,214,メガヘラクロス,6,80,185,115,40,105,75,スキルリンク,-,-,むし,かくとう
251,215,ニューラ,2,55,95,55,35,75,115,せいしんりょく,するどいめ,わるいてぐせ,あく,こおり
252,216,ヒメグマ,2,60,80,50,50,50,40,ものひろい,はやあし,みつあつめ,ノーマル,-
253,217,リングマ,2,90,130,75,75,75,55,こんじょう,はやあし,きんちょうかん,ノーマル,-
254,218,マグマッグ,2,40,40,40,70,40,20,マグマのよろい,ほのおのからだ,くだけるよろい,ほのお,-
255,219,マグカルゴ,2,60,50,120,90,80,30,マグマのよろい,ほのおのからだ,くだけるよろい,ほのお,いわ
256,220,ウリムー,2,50,50,40,30,30,50,どんかん,ゆきがくれ,あついしぼう,こおり,じめん
257,221,イノムー,2,100,100,80,60,60,50,どんかん,ゆきがくれ,あついしぼう,こおり,じめん
258,222,サニーゴ,2,65,55,95,65,95,35,はりきり,しぜんかいふく,さいせいりょく,みず,いわ
259,223,テッポウオ,2,35,65,35,65,35,65,はりきり,スナイパー,ムラっけ,みず,-
260,224,オクタン,2,75,105,75,105,75,45,きゅうばん,スナイパー,ムラっけ,みず,-
261,225,デリバード,2,45,55,45,65,45,75,やるき,はりきり,ふみん,こおり,ひこう
262,226,マンタイン,2,85,40,70,80,140,70,すいすい,ちょすい,みずのベール,みず,ひこう
263,227,エアームド,2,65,80,140,40,70,70,するどいめ,がんじょう,くだけるよろい,はがね,ひこう
264,228,デルビル,2,45,60,30,80,50,65,はやおき,もらいび,きんちょうかん,あく,ほのお
265,229,ヘルガー,2,75,90,50,110,80,95,はやおき,もらいび,きんちょうかん,あく,ほのお
266,229,メガヘルガー,6,75,90,90,140,90,115,サンパワー,-,-,あく,ほのお
267,230,キングドラ,2,75,95,95,95,95,85,すいすい,スナイパー,しめりけ,みず,ドラゴン
268,231,ゴマゾウ,2,90,60,60,40,40,40,ものひろい,-,すながくれ,じめん,-
269,232,ドンファン,2,90,120,120,60,60,50,がんじょう,-,すながくれ,じめん,-
270,233,ポリゴン2,2,85,80,90,105,95,60,トレース,ダウンロード,アナライズ,ノーマル,-
271,234,オドシシ,2,73,95,62,85,65,85,いかく,おみとおし,そうしょく,ノーマル,-
272,235,ドーブル,2,55,20,35,20,45,75,マイペース,テクニシャン,ムラっけ,ノーマル,-
273,236,バルキー,2,35,35,35,35,35,35,こんじょう,ふくつのこころ,やるき,かくとう,-
274,237,カポエラー,2,50,95,95,35,110,70,いかく,テクニシャン,ふくつのこころ,かくとう,-
275,238,ムチュール,2,45,30,15,85,65,65,どんかん,よちむ,うるおいボディ,こおり,エスパー
276,239,エレキッド,2,45,63,37,65,55,95,せいでんき,-,やるき,でんき,-
277,240,ブビィ,2,45,75,37,70,55,83,ほのおのからだ,-,やるき,ほのお,-
278,241,ミルタンク,2,95,80,105,40,70,100,あついしぼう,きもったま,そうしょく,ノーマル,-
279,242,ハピナス,2,255,10,10,75,135,55,しぜんかいふく,てんのめぐみ,いやしのこころ,ノーマル,-
280,243,ライコウ,2,90,85,75,115,100,115,プレッシャー,-,せいしんりょく,でんき,-
281,244,エンテイ,2,115,115,85,90,75,100,プレッシャー,-,せいしんりょく,ほのお,-
282,245,スイクン,2,100,75,115,90,115,85,プレッシャー,-,せいしんりょく,みず,-
283,246,ヨーギラス,2,50,64,50,45,50,41,こんじょう,-,すながくれ,いわ,じめん
284,247,サナギラス,2,70,84,70,65,70,51,だっぴ,-,だっぴ,いわ,じめん
285,248,バンギラス,2,100,134,110,95,100,61,すなおこし,-,きんちょうかん,いわ,あく
286,248,メガバンギラス,6,100,164,150,95,120,71,すなおこし,-,-,いわ,あく
287,249,ルギア,2,106,90,130,90,154,110,プレッシャー,-,マルチスケイル,エスパー,ひこう
288,250,ホウオウ,2,106,130,90,110,154,90,プレッシャー,-,さいせいりょく,ほのお,ひこう
289,251,セレビィ,2,100,100,100,100,100,100,しぜんかいふく,-,-,エスパー,くさ
290,252,キモリ,3,40,45,35,65,55,70,しんりょく,-,かるわざ,くさ,-
291,253,ジュプトル,3,50,65,45,85,65,95,しんりょく,-,かるわざ,くさ,-
292,254,ジュカイン,3,70,85,65,105,85,120,しんりょく,-,かるわざ,くさ,-
293,254,メガジュカイン,6,70,110,75,145,85,145,ひらいしん,-,-,くさ,ドラゴン
294,255,アチャモ,3,45,60,40,70,50,45,もうか,-,かそく,ほのお,-
295,256,ワカシャモ,3,60,85,60,85,60,55,もうか,-,かそく,ほのお,かくとう
296,257,バシャーモ,3,80,120,70,110,70,80,もうか,-,かそく,ほのお,かくとう
297,257,メガバシャーモ,6,80,160,80,130,80,100,かそく,-,-,ほのお,かくとう
298,258,ミズゴロウ,3,50,70,50,50,50,40,げきりゅう,-,しめりけ,みず,-
299,259,ヌマクロー,3,70,85,70,60,70,50,げきりゅう,-,しめりけ,みず,じめん
300,260,ラグラージ,3,100,110,90,85,90,60,げきりゅう,-,しめりけ,みず,じめん
301,260,メガラグラージ,6,100,150,110,95,110,70,すいすい,-,-,みず,じめん
302,261,ポチエナ,3,35,55,35,30,30,35,にげあじ,はやあし,びびり,あく,-
303,262,グラエナ,3,70,90,70,60,60,70,いかく,はやあし,じしんかじょう,あく,-
304,263,ジグザグマ,3,38,30,41,30,41,60,ものひろい,くいしんぼう,はやあし,ノーマル,-
305,264,マッスグマ,3,78,70,61,50,61,100,ものひろい,くいしんぼう,はやあし,ノーマル,-
306,265,ケムッソ,3,45,45,35,20,30,20,りんぷん,-,にげあし,むし,-
307,266,カラサリス,3,50,35,55,25,25,15,だっぴ,-,だっぴ,むし,-
308,267,アゲハント,3,60,70,50,100,50,65,むしのしらせ,-,とうそうしん,むし,ひこう
309,268,マユルド,3,50,35,55,25,25,15,だっぴ,-,だっぴ,むし,-
310,269,ドクケイル,3,60,50,70,50,90,65,りんぷん,-,ふくがん,むし,どく
311,270,ハスボー,3,40,30,30,40,50,30,すいすい,あめうけざら,マイペース,みず,くさ
312,271,ハスブレロ,3,60,50,50,60,70,50,すいすい,あめうけざら,マイペース,みず,くさ
313,272,ルンパッパ,3,80,70,70,90,100,70,すいすい,あめうけざら,マイペース,みず,くさ
314,273,タネボー,3,40,40,50,30,30,30,ようりょくそ,はやおき,わるいてぐせ,くさ,-
315,274,コノハナ,3,70,70,40,60,40,60,ようりょくそ,はやおき,わるいてぐせ,くさ,あく
316,275,ダーテング,3,90,100,60,90,60,80,ようりょくそ,はやおき,わるいてぐせ,くさ,あく
317,276,スバメ,3,40,55,30,30,30,85,こんじょう,-,きもったま,ノーマル,ひこう
318,277,オオスバメ,3,60,85,60,75,50,125,こんじょう,-,きもったま,ノーマル,ひこう
319,278,キャモメ,3,40,30,30,55,30,85,するどいめ,あめふらし,あめうけざら,みず,ひこう
320,279,ペリッパー,3,60,50,100,95,70,65,するどいめ,あめふらし,あめうけざら,みず,ひこう
321,280,ラルトス,3,28,25,25,45,35,40,シンクロ,トレース,テレパシー,エスパー,フェアリー
322,281,キルリア,3,38,35,35,65,55,50,シンクロ,トレース,テレパシー,エスパー,フェアリー
323,282,サーナイト,3,68,65,65,125,115,80,シンクロ,トレース,テレパシー,エスパー,フェアリー
324,282,メガサーナイト,6,68,85,65,165,135,100,フェアリースキン,-,-,エスパー,フェアリー
325,283,アメタマ,3,40,30,32,50,52,65,すいすい,-,あめうけざら,むし,みず
326,284,アメモース,3,70,60,62,100,82,80,いかく,-,きんちょうかん,むし,ひこう
327,285,キノココ,3,60,40,60,40,60,35,ほうし,ポイズンヒール,はやあし,くさ,-
328,286,キノガッサ,3,60,130,80,60,60,70,ほうし,ポイズンヒール,テクニシャン,くさ,かくとう
329,287,ナマケロ,3,60,60,60,35,35,30,なまけ,-,-,ノーマル,-
330,288,ヤルキモノ,3,80,80,80,55,55,90,やるき,-,-,ノーマル,-
331,289,ケッキング,3,150,160,100,95,65,100,なまけ,-,-,ノーマル,-
332,290,ツチニン,3,31,45,90,30,30,40,ふくがん,-,にげあし,むし,じめん
333,291,テッカニン,3,61,90,45,50,50,160,かそく,-,すりぬけ,むし,ひこう
334,292,ヌケニン,3,1,90,45,30,30,40,ふしぎなまもり,-,-,むし,ゴースト
335,293,ゴニョニョ,3,64,51,23,51,23,28,ぼうおん,-,びびり,ノーマル,-
336,294,ドゴーム,3,84,71,43,71,43,48,ぼうおん,-,きもったま,ノーマル,-
337,295,バクオング,3,104,91,63,91,73,68,ぼうおん,-,きもったま,ノーマル,-
338,296,マクノシタ,3,72,60,30,20,30,25,あついしぼう,こんじょう,ちからずく,かくとう,-
339,297,ハリテヤマ,3,144,120,60,40,60,50,あついしぼう,こんじょう,ちからずく,かくとう,-
340,298,ルリリ,3,50,20,40,20,40,20,あついしぼう,ちからもち,そうしょく,ノーマル,フェアリー
341,299,ノズパス,3,30,45,135,45,90,30,がんじょう,じりょく,すなのちから,いわ,-
342,300,エネコ,3,50,45,45,35,35,50,メロメロボディ,ノーマルスキン,ミラクルスキン,ノーマル,-
343,301,エネコロロ,3,70,65,65,55,55,90,メロメロボディ,ノーマルスキン,ミラクルスキン,ノーマル,-
344,302,ヤミラミ,3,50,75,75,65,65,50,するどいめ,あとだし,いたずらごころ,あく,ゴースト
345,302,メガヤミラミ,6,50,85,125,85,115,20,マジックミラー,-,-,あく,ゴースト
346,303,クチート,3,50,85,85,55,55,50,かいりきバサミ,いかく,ちからずく,はがね,フェアリー
347,303,メガクチート,6,50,105,125,55,95,50,ちからもち,-,-,はがね,フェアリー
348,304,ココドラ,3,50,70,100,40,40,30,がんじょう,いしあたま,ヘヴィメタル,はがね,いわ
349,305,コドラ,3,60,90,140,50,50,40,がんじょう,いしあたま,ヘヴィメタル,はがね,いわ
350,306,ボスゴドラ,3,70,110,180,60,60,50,がんじょう,いしあたま,ヘヴィメタル,はがね,いわ
351,306,メガボスゴドラ,6,70,140,230,60,80,50,フィルター,-,-,はがね,-
352,307,アサナン,3,30,40,55,40,55,60,ヨガパワー,-,テレパシー,かくとう,エスパー
353,308,チャーレム,3,60,60,75,60,75,80,ヨガパワー,-,テレパシー,かくとう,エスパー
354,308,メガチャーレム,6,60,100,85,80,85,100,ヨガパワー,-,-,かくとう,エスパー
355,309,ラクライ,3,40,45,40,65,40,65,せいでんき,ひらいしん,マイナス,でんき,-
356,310,ライボルト,3,70,75,60,105,60,105,せいでんき,ひらいしん,マイナス,でんき,-
357,310,メガライボルト,6,70,75,80,135,80,135,いかく,-,-,でんき,-
358,311,プラスル,3,60,50,40,85,75,95,プラス,-,ひらいしん,でんき,-
359,312,マイナン,3,60,40,50,75,85,95,マイナス,-,ちくでん,でんき,-
360,313,バルビート,3,65,73,75,47,85,85,はっこう,むしのしらせ,いたずらごころ,むし,-
361,314,イルミーゼ,3,65,47,75,73,85,85,どんかん,いろめがね,いたずらごころ,むし,-
362,315,ロゼリア,3,50,60,45,100,80,65,しぜんかいふく,どくのとげ,リーフガード,くさ,どく
363,316,ゴクリン,3,70,43,53,43,53,40,ヘドロえき,ねんちゃく,くいしんぼう,どく,-
364,317,マルノーム,3,100,73,83,73,83,55,ヘドロえき,ねんちゃく,くいしんぼう,どく,-
365,318,キバニア,3,45,90,20,65,20,65,さめはだ,-,かそく,みず,あく
366,319,サメハダー,3,70,120,40,95,40,95,さめはだ,-,かそく,みず,あく
367,319,メガサメハダー,6,70,140,70,110,65,105,がんじょうあご,-,-,みず,あく
368,320,ホエルコ,3,130,70,35,70,35,60,どんかん,みずのベール,プレッシャー,みず,-
369,321,ホエルオー,3,170,90,45,90,45,60,どんかん,みずのベール,プレッシャー,みず,-
370,322,ドンメル,3,60,60,40,65,45,35,どんかん,たんじゅん,マイペース,ほのお,じめん
371,323,バクーダ,3,70,100,70,105,75,40,マグマのよろい,ハードロック,いかりのつぼ,ほのお,じめん
372,323,メガバクーダ,6,70,120,100,145,105,20,ちからずく,-,-,ほのお,じめん
373,324,コータス,3,70,85,140,85,70,20,しろいけむり,ひでり,シェルアーマー,ほのお,-
374,325,バネブー,3,60,25,35,70,80,60,あついしぼう,マイペース,くいしんぼう,エスパー,-
375,326,ブーピッグ,3,80,45,65,90,110,80,あついしぼう,マイペース,くいしんぼう,エスパー,-
376,327,パッチール,3,60,60,60,60,60,60,マイペース,ちどりあし,あまのじゃく,ノーマル,-
377,328,ナックラー,3,45,100,45,45,45,10,かいりきバサミ,ありじごく,ちからずく,じめん,-
378,329,ビブラーバ,3,50,70,50,50,50,70,ふゆう,-,ふゆう,じめん,ドラゴン
379,330,フライゴン,3,80,100,80,80,80,100,ふゆう,-,ふゆう,じめん,ドラゴン
380,331,サボネア,3,50,85,40,85,40,35,すながくれ,-,ちょすい,くさ,-
381,332,ノクタス,3,70,115,60,115,60,55,すながくれ,-,ちょすい,くさ,あく
382,333,チルット,3,45,40,60,40,75,50,しぜんかいふく,-,ノーてんき,ノーマル,ひこう
383,334,チルタリス,3,75,70,90,70,105,80,しぜんかいふく,-,ノーてんき,ドラゴン,ひこう
384,334,メガチルタリス,6,75,110,110,110,105,80,フェアリースキン,-,-,ドラゴン,フェアリー
385,335,ザングース,3,73,115,60,60,60,90,めんえき,-,どくぼうそう,ノーマル,-
386,336,ハブネーク,3,73,100,60,100,60,65,だっぴ,-,すりぬけ,どく,-
387,337,ルナトーン,3,90,55,65,95,85,70,ふゆう,-,-,いわ,エスパー
388,338,ソルロック,3,90,95,85,55,65,70,ふゆう,-,-,いわ,エスパー
389,339,ドジョッチ,3,50,48,43,46,41,60,どんかん,きけんよち,うるおいボディ,みず,じめん
390,340,ナマズン,3,110,78,73,76,71,60,どんかん,きけんよち,うるおいボディ,みず,じめん
391,341,ヘイガニ,3,43,80,65,50,35,35,かいりきバサミ,シェルアーマー,てきおうりょく,みず,-
392,342,シザリガー,3,63,120,85,90,55,55,かいりきバサミ,シェルアーマー,てきおうりょく,みず,あく
393,343,ヤジロン,3,40,40,55,40,70,55,ふゆう,-,-,じめん,エスパー
394,344,ネンドール,3,60,70,105,70,120,75,ふゆう,-,-,じめん,エスパー
395,345,リリーラ,3,66,41,77,61,87,23,きゅうばん,-,よびみず,いわ,くさ
396,346,ユレイドル,3,86,81,97,81,107,43,きゅうばん,-,よびみず,いわ,くさ
397,347,アノプス,3,45,95,50,40,50,75,カブトアーマー,-,すいすい,いわ,むし
398,348,アーマルド,3,75,125,100,70,80,45,カブトアーマー,-,すいすい,いわ,むし
399,349,ヒンバス,3,20,15,20,10,55,80,すいすい,どんかん,てきおうりょく,みず,-
400,350,ミロカロス,3,95,60,79,100,125,81,ふしぎなうろこ,かちき,メロメロボディ,みず,-
401,351,ポワルン,3,70,70,70,70,70,70,てんきや,-,-,ノーマル,-
402,352,カクレオン,3,60,90,70,60,120,40,へんしょく,-,へんげんじざい,ノーマル,-
403,353,カゲボウズ,3,44,75,35,63,33,45,ふみん,おみとおし,のろわれボディ,ゴースト,-
404,354,ジュペッタ,3,64,115,65,83,63,65,ふみん,おみとおし,のろわれボディ,ゴースト,-
405,354,メガジュペッタ,6,64,165,75,93,83,75,いたずらごころ,-,-,ゴースト,-
406,355,ヨマワル,3,20,40,90,30,90,25,ふゆう,おみとおし,-,ゴースト,-
407,356,サマヨール,3,40,70,130,60,130,25,プレッシャー,おみとおし,-,ゴースト,-
408,357,トロピウス,3,99,68,83,72,87,51,ようりょくそ,サンパワー,しゅうかく,くさ,ひこう
409,358,チリーン,3,75,50,80,95,90,65,ふゆう,-,-,エスパー,-
410,359,アブソル,3,65,130,60,75,60,75,プレッシャー,きょううん,せいぎのこころ,あく,-
411,359,メガアブソル,6,65,150,60,115,60,115,マジックミラー,-,-,あく,-
412,360,ソーナノ,3,95,23,48,23,48,23,かげふみ,-,テレパシー,エスパー,-
413,361,ユキワラシ,3,50,50,50,50,50,50,せいしんりょく,アイスボディ,ムラっけ,こおり,-
414,362,オニゴーリ,3,80,80,80,80,80,80,せいしんりょく,アイスボディ,ムラっけ,こおり,-
415,362,メガオニゴーリ,6,80,120,80,120,80,100,フリーズスキン,-,-,こおり,-
416,363,タマザラシ,3,70,40,50,55,50,25,あついしぼう,アイスボディ,どんかん,こおり,みず
417,364,トドグラー,3,90,60,70,75,70,45,あついしぼう,アイスボディ,どんかん,こおり,みず
418,365,トドゼルガ,3,110,80,90,95,90,65,あついしぼう,アイスボディ,どんかん,こおり,みず
419,366,パールル,3,35,64,85,74,55,32,シェルアーマー,-,びびり,みず,-
420,367,ハンテール,3,55,104,105,94,75,52,すいすい,-,みずのベール,みず,-
421,368,サクラビス,3,55,84,105,114,75,52,すいすい,-,うるおいボディ,みず,-
422,369,ジーランス,3,100,90,130,45,65,55,すいすい,いしあたま,がんじょう,みず,いわ
423,370,ラブカス,3,43,30,55,40,65,97,すいすい,-,うるおいボディ,みず,-
424,371,タツベイ,3,45,75,60,40,30,50,いしあたま,-,ちからずく,ドラゴン,-
425,372,コモルー,3,65,95,100,60,50,50,いしあたま,-,ぼうじん,ドラゴン,-
426,373,ボーマンダ,3,95,135,80,110,80,100,いかく,-,じしんかじょう,ドラゴン,ひこう
427,373,メガボーマンダ,6,95,145,130,120,90,120,スカイスキン,-,-,ドラゴン,ひこう
428,374,ダンバル,3,40,55,80,35,60,30,-,-,-,はがね,エスパー
429,375,メタング,3,60,75,100,55,80,50,-,-,-,はがね,エスパー
430,376,メタグロス,3,80,135,130,95,90,70,クリアボディ,-,ライトメタル,はがね,エスパー
431,376,メガメタグロス,6,80,145,150,105,110,110,かたいツメ,-,-,はがね,エスパー
432,377,レジロック,3,80,100,200,50,100,50,クリアボディ,-,がんじょう,いわ,-
433,378,レジアイス,3,80,50,100,100,200,50,クリアボディ,-,アイスボディ,こおり,-
434,379,レジスチル,3,80,75,150,75,150,50,クリアボディ,-,ライトメタル,はがね,-
435,380,ラティアス,3,80,80,90,110,130,110,ふゆう,-,-,ドラゴン,エスパー
436,380,メガラティアス,6,80,100,120,140,150,110,ふゆう,-,-,ドラゴン,エスパー
437,381,ラティオス,3,80,90,80,130,110,110,ふゆう,-,-,ドラゴン,エスパー
438,381,メガラティオス,6,80,130,100,160,120,110,ふゆう,-,-,ドラゴン,エスパー
439,382,カイオーガ,3,100,100,90,150,140,90,あめふらし,-,-,みず,-
440,382,ゲンシカイオーガ,6,100,150,90,180,160,90,はじまりのうみ,-,-,みず,-
441,383,グラードン,3,100,150,140,100,90,90,ひでり,-,-,じめん,-
442,383,ゲンシグラードン,6,100,180,160,150,90,90,おわりのだいち,-,-,じめん,ほのお
443,384,レックウザ,3,105,150,90,150,90,95,エアロック,-,-,ドラゴン,ひこう
444,384,メガレックウザ,6,105,180,100,180,100,115,デルタストーム,-,-,ドラゴン,ひこう
445,385,ジラーチ,3,100,100,100,100,100,100,てんのめぐみ,-,-,はがね,エスパー
446,386,デオキシス,3,50,150,50,150,50,150,プレッシャー,-,-,エスパー,-
447,386,デオキシス,3,50,180,20,180,20,150,プレッシャー,-,-,エスパー,-
448,386,デオキシス,3,50,70,160,70,160,90,プレッシャー,-,-,エスパー,-
449,386,デオキシス,3,50,95,90,95,90,180,プレッシャー,-,-,エスパー,-
450,387,ナエトル,4,55,68,64,45,55,31,しんりょく,-,シェルアーマー,くさ,-
451,388,ハヤシガメ,4,75,89,85,55,65,36,しんりょく,-,シェルアーマー,くさ,-
452,389,ドダイトス,4,95,109,105,75,85,56,しんりょく,-,シェルアーマー,くさ,じめん
453,390,ヒコザル,4,44,58,44,58,44,61,もうか,-,てつのこぶし,ほのお,-
454,391,モウカザル,4,64,78,52,78,52,81,もうか,-,てつのこぶし,ほのお,かくとう
455,392,ゴウカザル,4,76,104,71,104,71,108,もうか,-,てつのこぶし,ほのお,かくとう
456,393,ポッチャマ,4,53,51,53,61,56,40,げきりゅう,-,まけんき,みず,-
457,394,ポッタイシ,4,64,66,68,81,76,50,げきりゅう,-,まけんき,みず,-
458,395,エンペルト,4,84,86,88,111,101,60,げきりゅう,-,まけんき,みず,はがね
459,396,ムックル,4,40,55,30,30,30,60,するどいめ,-,すてみ,ノーマル,ひこう
460,397,ムクバード,4,55,75,50,40,40,80,いかく,-,すてみ,ノーマル,ひこう
461,398,ムクホーク,4,85,120,70,50,60,100,いかく,-,すてみ,ノーマル,ひこう
462,399,ビッパ,4,59,45,40,35,40,31,たんじゅん,てんねん,ムラっけ,ノーマル,-
463,400,ビーダル,4,79,85,60,55,60,71,たんじゅん,てんねん,ムラっけ,ノーマル,みず
464,401,コロボーシ,4,37,25,41,25,41,25,だっぴ,-,にげあし,むし,-
465,402,コロトック,4,77,85,51,55,51,65,むしのしらせ,-,テクニシャン,むし,-
466,403,コリンク,4,45,65,34,40,34,45,とうそうしん,いかく,こんじょう,でんき,-
467,404,ルクシオ,4,60,85,49,60,49,60,とうそうしん,いかく,こんじょう,でんき,-
468,405,レントラー,4,80,120,79,95,79,70,とうそうしん,いかく,こんじょう,でんき,-
469,406,スボミー,4,40,30,35,50,70,55,しぜんかいふく,どくのトゲ,テクニシャン,くさ,どく
470,407,ロズレイド,4,60,70,65,125,105,90,しぜんかいふく,どくのトゲ,テクニシャン,くさ,どく
471,408,ズガイドス,4,67,125,40,30,30,58,かたやぶり,-,ちからずく,いわ,-
472,409,ラムパルド,4,97,165,60,65,50,58,かたやぶり,-,ちからずく,いわ,-
473,410,タテトプス,4,30,42,118,42,88,30,がんじょう,-,ぼうおん,いわ,はがね
474,411,トリデプス,4,60,52,168,47,138,30,がんじょう,-,ぼうおん,いわ,はがね
475,412,ミノムッチ,4,40,29,45,29,45,36,だっぴ,-,ぼうじん,むし,-
476,413,ミノマダム,4,60,59,85,79,105,36,きけんよち,-,ぼうじん,むし,くさ
477,413,ミノマダム,4,60,79,105,59,85,36,きけんよち,-,ぼうじん,むし,じめん
478,413,ミノマダム,4,60,69,95,69,95,36,きけんよち,-,ぼうじん,むし,はがね
479,414,ガーメイル,4,70,94,50,94,50,66,むしのしらせ,-,いろめがね,むし,ひこう
480,415,ミツハニー,4,30,30,42,30,42,70,みつあつめ,-,はりきり,むし,ひこう
481,416,ビークイン,4,70,80,102,80,102,40,プレッシャー,-,きんちょうかん,むし,ひこう
482,417,パチリス,4,60,45,70,45,90,95,にげあし,ものひろい,ちくでん,でんき,-
483,418,ブイゼル,4,55,65,35,60,30,85,すいすい,-,みずのベール,みず,-
484,419,フローゼル,4,85,105,55,85,50,115,すいすい,-,みずのベール,みず,-
485,420,チェリンボ,4,45,35,45,62,53,35,ようりょくそ,-,-,くさ,-
486,421,チェリム,4,70,60,70,87,78,85,フラワーギフト,-,-,くさ,-
487,422,カラナクシ,4,76,48,48,57,62,34,ねんちゃく,よびみず,すなのちから,みず,-
488,423,トリトドン,4,111,83,68,92,82,39,ねんちゃく,よびみず,すなのちから,みず,じめん
489,424,エテボース,4,75,100,66,60,66,115,テクニシャン,ものひろい,スキルリンク,ノーマル,-
490,425,フワンテ,4,90,50,34,60,44,70,ゆうばく,かるわざ,ねつぼうそう,ゴースト,ひこう
491,426,フワライド,4,150,80,44,90,54,80,ゆうばく,かるわざ,ねつぼうそう,ゴースト,ひこう
492,427,ミミロル,4,55,66,44,44,56,85,メロメロボディ,ぶきよう,じゅうなん,ノーマル,-
493,428,ミミロップ,4,65,76,84,54,96,105,メロメロボディ,ぶきよう,じゅうなん,ノーマル,-
494,428,メガミミロップ,6,65,136,94,54,96,135,きもったま,-,-,ノーマル,かくとう
495,429,ムウマージ,4,60,60,60,105,105,105,ふゆう,-,-,ゴースト,-
496,430,ドンカラス,4,100,125,52,105,52,71,ふみん,きょううん,じしんかじょう,あく,ひこう
497,431,ニャルマー,4,49,55,42,42,37,85,じゅうなん,マイペース,まけんき,ノーマル,-
498,432,ブニャット,4,71,82,64,64,59,112,あついしぼう,マイペース,まけんき,ノーマル,-
499,433,リーシャン,4,45,30,50,65,50,45,ふゆう,-,-,エスパー,-
500,434,スカンプー,4,63,63,47,41,41,74,あくしゅう,ゆうばく,するどいめ,どく,あく
501,435,スカタンク,4,103,93,67,71,61,84,あくしゅう,ゆうばく,するどいめ,どく,あく
502,436,ドーミラー,4,57,24,86,24,86,23,ふゆう,たいねつ,ヘヴィメタル,はがね,エスパー
503,437,ドータクン,4,67,89,116,79,116,33,ふゆう,たいねつ,ヘヴィメタル,はがね,エスパー
504,438,ウソハチ,4,50,80,95,10,45,10,がんじょう,いしあたま,びびり,いわ,-
505,439,マネネ,4,20,25,45,70,90,60,ぼうおん,フィルター,テクニシャン,エスパー,フェアリー
506,440,ピンプク,4,100,5,5,15,65,30,しぜんかいふく,てんのめぐみ,フレンドガード,ノーマル,-
507,441,ペラップ,4,76,65,45,92,42,91,するどいめ,ちどりあし,はとむね,ノーマル,ひこう
508,442,ミカルゲ,4,50,92,108,92,108,35,プレッシャー,-,すりぬけ,ゴースト,あく
509,443,フカマル,4,58,70,45,40,45,42,すながくれ,-,さめはだ,ドラゴン,じめん
510,444,ガバイト,4,68,90,65,50,55,82,すながくれ,-,さめはだ,ドラゴン,じめん
511,445,ガブリアス,4,108,130,95,80,85,102,すながくれ,-,さめはだ,ドラゴン,じめん
512,445,メガガブリアス,6,108,170,115,120,95,92,すなのちから,-,-,ドラゴン,じめん
513,446,ゴンベ,4,135,85,40,40,85,5,ものひろい,あついしぼう,くいしんぼう,ノーマル,-
514,447,リオル,4,40,70,40,35,40,60,ふくつのこころ,せいしんりょく,せいぎのこころ,かくとう,-
515,448,ルカリオ,4,70,110,70,115,70,90,ふくつのこころ,せいしんりょく,せいぎのこころ,かくとう,はがね
516,448,メガルカリオ,6,70,145,88,140,70,112,てきおうりょく,-,-,かくとう,はがね
517,449,ヒポポタス,4,68,72,78,38,42,32,すなおこし,-,すなのちから,じめん,-
518,450,カバルドン,4,108,112,118,68,72,47,すなおこし,-,すなのちから,じめん,-
519,451,スコルピ,4,40,50,90,30,55,65,カブトアーマー,スナイパー,するどいめ,どく,むし
520,452,ドラピオン,4,70,90,110,60,75,95,カブトアーマー,スナイパー,するどいめ,どく,あく
521,453,グレッグル,4,48,61,40,61,40,50,きけんよち,かんそうはだ,どくしゅ,どく,かくとう
522,454,ドクロッグ,4,83,106,65,86,65,85,きけんよち,かんそうはだ,どくしゅ,どく,かくとう
523,455,マスキッパ,4,74,100,72,90,72,46,ふゆう,-,-,くさ,-
524,456,ケイコウオ,4,49,49,56,49,61,66,すいすい,よびみず,みずのベール,みず,-
525,457,ネオラント,4,69,69,76,69,86,91,すいすい,よびみず,みずのベール,みず,-
526,458,タマンタ,4,45,20,50,60,120,50,すいすい,ちょすい,みずのベール,みず,ひこう
527,459,ユキカブリ,4,60,62,50,62,60,40,ゆきふらし,-,ぼうおん,くさ,こおり
528,460,ユキノオー,4,90,92,75,92,85,60,ゆきふらし,-,ぼうおん,くさ,こおり
529,460,メガユキノオー,6,90,132,105,132,105,30,ゆきふらし,-,-,くさ,こおり
530,461,マニューラ,4,70,120,65,45,85,125,プレッシャー,-,わるいてぐせ,あく,こおり
531,462,ジバコイル,4,70,70,115,130,90,60,じりょく,がんじょう,アナライズ,でんき,はがね
532,463,ベロベルト,4,110,85,95,80,95,50,マイペース,どんかん,ノーてんき,ノーマル,-
533,464,ドサイドン,4,115,140,130,55,55,40,ひらいしん,ハードロック,すてみ,じめん,いわ
534,465,モジャンボ,4,100,100,125,110,50,50,ようりょくそ,リーフガード,さいせいりょく,くさ,-
535,466,エレキブル,4,75,123,67,95,85,95,でんきエンジン,-,やるき,でんき,-
536,467,ブーバーン,4,75,95,67,125,95,83,ほのおのからだ,-,やるき,ほのお,-
537,468,トゲキッス,4,85,50,95,120,115,80,はりきり,てんのめぐみ,きょううん,フェアリー,ひこう
538,469,メガヤンマ,4,86,76,86,116,56,95,かそく,いろめがね,おみとおし,むし,ひこう
539,470,リーフィア,4,65,110,130,60,65,95,リーフガード,-,ようりょくそ,くさ,-
540,471,グレイシア,4,65,60,110,130,95,65,ゆきがくれ,-,アイスボディ,こおり,-
541,472,グライオン,4,75,95,125,45,75,95,かいりきバサミ,すながくれ,ポイズンヒール,じめん,ひこう
542,473,マンムー,4,110,130,80,70,60,80,どんかん,ゆきがくれ,あついしぼう,こおり,じめん
543,474,ポリゴンZ,4,85,80,70,135,75,90,てきおうりょく,ダウンロード,アナライズ,ノーマル,-
544,475,エルレイド,4,68,125,65,65,115,80,ふくつのこころ,-,せいぎのこころ,エスパー,かくとう
545,475,メガエルレイド,6,68,165,95,65,115,110,せいしんりょく,-,-,エスパー,かくとう
546,476,ダイノーズ,4,60,55,145,75,150,40,がんじょう,じりょく,すなのちから,いわ,はがね
547,477,ヨノワール,4,45,100,135,65,135,45,プレッシャー,-,-,ゴースト,-
548,478,ユキメノコ,4,70,80,70,80,70,110,ゆきがくれ,-,のろわれボディ,こおり,ゴースト
549,479,ロトム,4,50,50,77,95,77,91,ふゆう,-,-,でんき,ゴースト
550,479,ロトム,4,50,65,107,105,107,86,ふゆう,-,-,でんき,ほのお
551,479,ロトム,4,50,65,107,105,107,86,ふゆう,-,-,でんき,みず
552,479,ロトム,4,50,65,107,105,107,86,ふゆう,-,-,でんき,こおり
553,479,ロトム,4,50,65,107,105,107,86,ふゆう,-,-,でんき,ひこう
554,479,ロトム,4,50,65,107,105,107,86,ふゆう,-,-,でんき,くさ
555,480,ユクシー,4,75,75,130,75,130,95,ふゆう,-,-,エスパー,-
556,481,エムリット,4,80,105,105,105,105,80,ふゆう,-,-,エスパー,-
557,482,アグノム,4,75,125,70,125,70,115,ふゆう,-,-,エスパー,-
558,483,ディアルガ,4,100,120,120,150,100,90,プレッシャー,-,テレパシー,はがね,ドラゴン
559,484,パルキア,4,90,120,100,150,120,100,プレッシャー,-,テレパシー,みず,ドラゴン
560,485,ヒードラン,4,91,90,106,130,106,77,もらいび,-,ほのおのからだ,ほのお,はがね
561,486,レジギガス,4,110,160,110,80,110,100,スロースタート,-,-,ノーマル,-
562,487,ギラティナ,4,150,100,120,100,120,90,プレッシャー,-,テレパシー,ゴースト,ドラゴン
563,487,ギラティナ,4,150,120,100,120,100,90,ふゆう,-,-,ゴースト,ドラゴン
564,488,クレセリア,4,120,70,120,75,130,85,ふゆう,-,-,エスパー,-
565,489,フィオネ,4,80,80,80,80,80,80,うるおいボディ,-,-,みず,-
566,490,マナフィ,4,100,100,100,100,100,100,うるおいボディ,-,-,みず,-
567,491,ダークライ,4,70,90,90,135,90,125,ナイトメア,-,-,あく,-
568,492,シェイミ,4,100,100,100,100,100,100,しぜんかいふく,-,-,くさ,-
569,492,シェイミ,4,100,103,75,120,75,127,てんのめぐみ,-,-,くさ,-
570,493,アルセウス,4,120,120,120,120,120,120,マルチタイプ,-,-,ノーマル,-
571,494,ビクティニ,5,100,100,100,100,100,100,しょうりのほし,-,-,ほのお,エスパー
572,495,ツタージャ,5,45,45,55,45,55,63,しんりょく,-,あまのじゃく,くさ,-
573,496,ジャノビー,5,60,60,75,60,75,83,しんりょく,-,あまのじゃく,くさ,-
574,497,ジャローダ,5,75,75,95,75,95,113,しんりょく,-,あまのじゃく,くさ,-
575,498,ポカブ,5,65,63,45,45,45,45,もうか,-,すてみ,ほのお,-
576,499,チャオブー,5,90,93,55,70,55,55,もうか,-,すてみ,ほのお,かくとう
577,500,エンブオー,5,110,123,65,100,65,65,もうか,-,すてみ,ほのお,かくとう
578,501,ミジュマル,5,55,55,45,63,45,45,げきりゅう,-,シェルアーマー,みず,-
579,502,フタチマル,5,75,75,60,83,60,60,げきりゅう,-,シェルアーマー,みず,-
580,503,ダイケンキ,5,95,100,85,108,70,70,げきりゅう,-,シェルアーマー,みず,-
581,504,ミネズミ,5,45,55,39,35,39,42,にげあし,するどいめ,アナライズ,ノーマル,-
582,505,ミルホッグ,5,60,85,69,60,69,77,はっこう,するどいめ,アナライズ,ノーマル,-
583,506,ヨーテリー,5,45,60,45,25,45,55,やるき,ものひろい,にげあし,ノーマル,-
584,507,ハーデリア,5,65,80,65,35,65,60,いかく,すなかき,きもったま,ノーマル,-
585,508,ムーランド,5,85,110,90,45,90,80,いかく,すなかき,きもったま,ノーマル,-
586,509,チョロネコ,5,41,50,37,50,37,66,じゅうなん,かるわざ,いたずらごころ,あく,-
587,510,レパルダス,5,64,88,50,88,50,106,じゅうなん,かるわざ,いたずらごころ,あく,-
588,511,ヤナップ,5,50,53,48,53,48,64,くいしんぼう,-,しんりょく,くさ,-
589,512,ヤナッキー,5,75,98,63,98,63,101,くいしんぼう,-,しんりょく,くさ,-
590,513,バオップ,5,50,53,48,53,48,64,くいしんぼう,-,もうか,ほのお,-
591,514,バオッキー,5,75,98,63,98,63,101,くいしんぼう,-,もうか,ほのお,-
592,515,ヒヤップ,5,50,53,48,53,48,64,くいしんぼう,-,げきりゅう,みず,-
593,516,ヒヤッキー,5,75,98,63,98,63,101,くいしんぼう,-,げきりゅう,みず,-
594,517,ムンナ,5,76,25,45,67,55,24,よちむ,シンクロ,テレパシー,エスパー,-
595,518,ムシャーナ,5,116,55,85,107,95,29,よちむ,シンクロ,テレパシー,エスパー,-
596,519,マメパト,5,50,55,50,36,30,43,はとむね,きょううん,とうそうしん,ノーマル,ひこう
597,520,ハトーボー,5,62,77,62,50,42,65,はとむね,きょううん,とうそうしん,ノーマル,ひこう
598,521,ケンホロウ,5,80,115,80,65,55,93,はとむね,きょううん,とうそうしん,ノーマル,ひこう
599,522,シママ,5,45,60,32,50,32,76,ひらいしん,でんきエンジン,そうしょく,でんき,-
600,523,ゼブライカ,5,75,100,63,80,63,116,ひらいしん,でんきエンジン,そうしょく,でんき,-
601,524,ダンゴロ,5,55,75,85,25,25,15,がんじょう,すなおこし,すなのちから,いわ,-
602,525,ガントル,5,70,105,105,50,40,20,がんじょう,すなおこし,すなのちから,いわ,-
603,526,ギガイアス,5,85,135,130,60,80,25,がんじょう,すなおこし,すなのちから,いわ,-
604,527,コロモリ,5,65,45,43,55,43,72,てんねん,ぶきよう,たんじゅん,エスパー,ひこう
605,528,ココロモリ,5,67,57,55,77,55,114,てんねん,ぶきよう,たんじゅん,エスパー,ひこう
606,529,モグリュー,5,60,85,40,30,45,68,すなかき,すなのちから,かたやぶり,じめん,-
607,530,ドリュウズ,5,110,135,60,50,65,88,すなかき,すなのちから,かたやぶり,じめん,はがね
608,531,タブンネ,5,103,60,86,60,86,50,いやしのこころ,さいせいりょく,ぶきよう,ノーマル,-
609,531,メガタブンネ,6,103,60,126,80,126,50,いやしのこころ,-,-,ノーマル,フェアリー
610,532,ドッコラー,5,75,80,55,25,35,35,こんじょう,ちからずく,てつのこぶし,かくとう,-
611,533,ドテッコツ,5,85,105,85,40,50,40,こんじょう,ちからずく,てつのこぶし,かくとう,-
612,534,ローブシン,5,105,140,95,55,65,45,こんじょう,ちからずく,てつのこぶし,かくとう,-
613,535,オタマロ,5,50,50,40,50,40,64,すいすい,-,ちょすい,みず,-
614,536,ガマガル,5,75,65,55,65,55,69,すいすい,-,ちょすい,みず,じめん
615,537,ガマゲロゲ,5,105,95,75,85,75,74,すいすい,どくしゅ,ちょすい,みず,じめん
616,538,ナゲキ,5,120,100,85,30,85,45,こんじょう,せいしんりょく,かたやぶり,かくとう,-
617,539,ダゲキ,5,75,125,75,30,75,85,がんじょう,せいしんりょく,かたやぶり,かくとう,-
618,540,クルミル,5,45,53,70,40,60,42,むしのしらせ,ようりょくそ,ぼうじん,むし,くさ
619,541,クルマユ,5,55,63,90,50,80,42,リーフガード,ようりょくそ,ぼうじん,むし,くさ
620,542,ハハコモリ,5,75,103,80,70,80,92,むしのしらせ,ようりょくそ,ぼうじん,むし,くさ
621,543,フシデ,5,30,45,59,30,39,57,どくのトゲ,むしのしらせ,かそく,むし,どく
622,544,ホイーガ,5,40,55,99,40,79,47,どくのトゲ,むしのしらせ,かそく,むし,どく
623,545,ペンドラー,5,60,100,89,55,69,112,どくのトゲ,むしのしらせ,かそく,むし,どく
624,546,モンメン,5,40,27,60,37,50,66,いたずらごころ,すりぬけ,ようりょくそ,くさ,フェアリー
625,547,エルフーン,5,60,67,85,77,75,116,いたずらごころ,すりぬけ,ようりょくそ,くさ,フェアリー
626,548,チュリネ,5,45,35,50,70,50,30,ようりょくそ,マイペース,リーフガード,くさ,-
627,549,ドレディア,5,70,60,75,110,75,90,ようりょくそ,マイペース,リーフガード,くさ,-
628,550,バスラオ,5,70,92,65,80,55,98,すてみ,てきおうりょく,かたやぶり,みず,-
629,551,メグロコ,5,50,72,35,35,35,65,いかく,じしんかじょう,いかりのつぼ,じめん,あく
630,552,ワルビル,5,60,82,45,45,45,74,いかく,じしんかじょう,いかりのつぼ,じめん,あく
631,553,ワルビアル,5,95,117,80,65,70,92,いかく,じしんかじょう,いかりのつぼ,じめん,あく
632,554,ダルマッカ,5,70,90,45,15,45,50,はりきり,せいしんりょく,-,ほのお,-
633,555,ヒヒダルマ,5,105,140,55,30,55,95,ちからずく,ダルマモード,ダルマモード,ほのお,-
634,555,ヒヒダルマ,5,105,30,105,140,105,55,ちからずく,ダルマモード,ダルマモード,ほのお,エスパー
635,556,マラカッチ,5,75,86,67,106,67,60,ちょすい,ようりょくそ,よびみず,くさ,-
636,557,イシズマイ,5,50,65,85,35,35,55,がんじょう,シェルアーマー,くだけるよろい,むし,いわ
637,558,イワパレス,5,70,105,125,65,75,45,がんじょう,シェルアーマー,くだけるよろい,むし,いわ
638,559,ズルッグ,5,50,75,70,35,70,48,だっぴ,じしんかじょう,いかく,あく,かくとう
639,560,ズルズキン,5,65,90,115,45,115,58,だっぴ,じしんかじょう,いかく,あく,かくとう
640,561,シンボラー,5,72,58,80,103,80,97,ミラクルスキン,マジックガード,いろめがね,エスパー,ひこう
641,562,デスマス,5,38,30,85,55,65,30,ミイラ,-,-,ゴースト,-
642,563,デスカーン,5,58,50,145,95,105,30,ミイラ,-,-,ゴースト,-
643,564,プロトーガ,5,54,78,103,53,45,22,ハードロック,がんじょう,すいすい,みず,いわ
644,565,アバゴーラ,5,74,108,133,83,65,32,ハードロック,がんじょう,すいすい,みず,いわ
645,566,アーケン,5,55,112,45,74,45,70,よわき,-,-,いわ,ひこう
646,567,アーケオス,5,75,140,65,112,65,110,よわき,-,-,いわ,ひこう
647,568,ヤブクロン,5,50,50,62,40,62,65,あくしゅう,ねんちゃく,ゆうばく,どく,-
648,569,ダストダス,5,80,95,82,60,82,75,あくしゅう,くだけるよろい,ゆうばく,どく,-
649,570,ゾロア,5,40,65,40,80,40,65,イリュージョン,-,-,あく,-
650,571,ゾロアーク,5,60,105,60,120,60,105,イリュージョン,-,-,あく,-
651,572,チラーミィ,5,55,50,40,40,40,75,メロメロボディ,テクニシャン,スキルリンク,ノーマル,-
652,573,チラチーノ,5,75,95,60,65,60,115,メロメロボディ,テクニシャン,スキルリンク,ノーマル,-
653,574,ゴチム,5,45,30,50,55,65,45,おみとおし,かちき,かげふみ,エスパー,-
654,575,ゴチミル,5,60,45,70,75,85,55,おみとおし,かちき,かげふみ,エスパー,-
655,576,ゴチルゼル,5,70,55,95,95,110,65,おみとおし,かちき,かげふみ,エスパー,-
656,577,ユニラン,5,45,30,40,105,50,20,ぼうじん,マジックガード,さいせいりょく,エスパー,-
657,578,ダブラン,5,65,40,50,125,60,30,ぼうじん,マジックガード,さいせいりょく,エスパー,-
658,579,ランクルス,5,110,65,75,125,85,30,ぼうじん,マジックガード,さいせいりょく,エスパー,-
659,580,コアルヒー,5,62,44,50,44,50,55,するどいめ,はとむね,うるおいボディ,みず,ひこう
660,581,スワンナ,5,75,87,63,87,63,98,するどいめ,はとむね,うるおいボディ,みず,ひこう
661,582,バニプッチ,5,36,50,50,65,60,44,アイスボディ,ゆきがくれ,くだけるよろい,こおり,-
662,583,バニリッチ,5,51,65,65,80,75,59,アイスボディ,ゆきがくれ,くだけるよろい,こおり,-
663,584,バイバニラ,5,71,95,85,110,95,79,アイスボディ,ゆきがくれ,くだけるよろい,こおり,-
664,585,シキジカ,5,60,60,50,40,50,75,ようりょくそ,そうしょく,てんのめぐみ,ノーマル,くさ
665,586,メブキジカ,5,80,100,70,60,70,95,ようりょくそ,そうしょく,てんのめぐみ,ノーマル,くさ
666,587,エモンガ,5,55,75,60,75,60,103,せいでんき,-,でんきエンジン,でんき,ひこう
667,588,カブルモ,5,50,75,45,40,45,60,むしのしらせ,だっぴ,ノーガード,むし,-
668,589,シュバルゴ,5,70,135,105,60,105,20,むしのしらせ,シェルアーマー,ぼうじん,むし,はがね
669,590,タマゲタケ,5,69,55,45,55,55,15,ほうし,-,さいせいりょく,くさ,どく
670,591,モロバレル,5,114,85,70,85,80,30,ほうし,-,さいせいりょく,くさ,どく
671,592,プルリル,5,55,40,50,65,85,40,ちょすい,のろわれボディ,しめりけ,みず,ゴースト
672,593,ブルンゲル,5,100,60,70,85,105,60,ちょすい,のろわれボディ,しめりけ,みず,ゴースト
673,594,ママンボウ,5,165,75,80,40,45,65,いやしのこころ,うるおいボディ,さいせいりょく,みず,-
674,595,バチュル,5,50,47,50,57,50,65,ふくがん,きんちょうかん,むしのしらせ,むし,でんき
675,596,デンチュラ,5,70,77,60,97,60,108,ふくがん,きんちょうかん,むしのしらせ,むし,でんき
676,597,テッシード,5,44,50,91,24,86,10,てつのトゲ,てつのトゲ,-,くさ,はがね
677,598,ナットレイ,5,74,94,131,54,116,20,てつのトゲ,きけんよち,-,くさ,はがね
678,599,ギアル,5,40,55,70,45,60,30,プラス,マイナス,クリアボディ,はがね,-
679,600,ギギアル,5,60,80,95,70,85,50,プラス,マイナス,クリアボディ,はがね,-
680,601,ギギギアル,5,60,100,115,70,85,90,プラス,マイナス,クリアボディ,はがね,-
681,602,シビシラス,5,35,55,40,45,40,60,ふゆう,-,-,でんき,-
682,603,シビビール,5,65,85,70,75,70,40,ふゆう,-,-,でんき,-
683,604,シビルドン,5,85,115,80,105,80,50,ふゆう,-,-,でんき,-
684,605,リグレー,5,55,55,55,85,55,30,テレパシー,シンクロ,アナライズ,エスパー,-
685,606,オーベム,5,75,75,75,125,95,40,テレパシー,シンクロ,アナライズ,エスパー,-
686,607,ヒトモシ,5,50,30,55,65,55,20,もらいび,ほのおのからだ,すりぬけ,ゴースト,ほのお
687,608,ランプラー,5,60,40,60,95,60,55,もらいび,ほのおのからだ,すりぬけ,ゴースト,ほのお
688,609,シャンデラ,5,60,55,90,145,90,80,もらいび,ほのおのからだ,すりぬけ,ゴースト,ほのお
689,610,キバゴ,5,46,87,60,30,40,57,とうそうしん,かたやぶり,きんちょうかん,ドラゴン,-
690,611,オノンド,5,66,117,70,40,50,67,とうそうしん,かたやぶり,きんちょうかん,ドラゴン,-
691,612,オノノクス,5,76,147,90,60,70,97,とうそうしん,かたやぶり,きんちょうかん,ドラゴン,-
692,613,クマシュン,5,55,70,40,60,40,40,ゆきがくれ,ゆきかき,びびり,こおり,-
693,614,ツンベアー,5,95,130,80,70,80,50,ゆきがくれ,ゆきかき,すいすい,こおり,-
694,615,フリージオ,5,80,50,50,95,135,105,ふゆう,-,-,こおり,-
695,616,チョボマキ,5,50,40,85,40,65,25,うるおいボディ,シェルアーマー,ぼうじん,むし,-
696,617,アギルダー,5,80,70,40,100,60,145,うるおいボディ,ねんちゃく,かるわざ,むし,-
697,618,マッギョ,5,109,66,84,81,99,32,せいでんき,じゅうなん,すながくれ,じめん,でんき
698,619,コジョフー,5,45,85,50,55,50,65,せいしんりょく,さいせいりょく,すてみ,かくとう,-
699,620,コジョンド,5,65,125,60,95,60,105,せいしんりょく,さいせいりょく,すてみ,かくとう,-
700,621,クリムガン,5,77,120,90,60,90,48,さめはだ,ちからずく,かたやぶり,ドラゴン,-
701,622,ゴビット,5,59,74,50,35,50,35,てつのこぶし,ぶきよう,ノーガード,じめん,ゴースト
702,623,ゴルーグ,5,89,124,80,55,80,55,てつのこぶし,ぶきよう,ノーガード,じめん,ゴースト
703,624,コマタナ,5,45,85,70,40,40,60,まけんき,せいしんりょく,プレッシャー,あく,はがね
704,625,キリキザン,5,65,125,100,60,70,70,まけんき,せいしんりょく,プレッシャー,あく,はがね
705,626,バッフロン,5,95,110,95,40,95,55,すてみ,そうしょく,ぼうおん,ノーマル,-
706,627,ワシボン,5,70,83,50,37,50,60,するどいめ,ちからずく,はりきり,ノーマル,ひこう
707,628,ウォーグル,5,100,123,75,57,75,80,するどいめ,ちからずく,まけんき,ノーマル,ひこう
708,629,バルチャイ,5,70,55,75,45,65,60,はとむね,ぼうじん,くだけるよろい,あく,ひこう
709,630,バルジーナ,5,110,65,105,55,95,80,はとむね,ぼうじん,くだけるよろい,あく,ひこう
710,631,クイタラン,5,85,97,66,105,66,65,くいしんぼう,もらいび,しろいけむり,ほのお,-
711,632,アイアント,5,58,109,112,48,48,109,むしのしらせ,はりきり,なまけ,むし,はがね
712,633,モノズ,5,52,65,50,45,50,38,はりきり,-,-,あく,ドラゴン
713,634,ジヘッド,5,72,85,70,65,70,58,はりきり,-,-,あく,ドラゴン
714,635,サザンドラ,5,92,105,90,125,90,98,ふゆう,-,-,あく,ドラゴン
715,636,メラルバ,5,55,85,55,50,55,60,ほのおのからだ,-,むしのしらせ,むし,ほのお
716,637,ウルガモス,5,85,60,65,135,105,100,ほのおのからだ,-,むしのしらせ,むし,ほのお
717,638,コバルオン,5,91,90,129,90,72,108,せいぎのこころ,-,-,はがね,かくとう
718,639,テラキオン,5,91,129,90,72,90,108,せいぎのこころ,-,-,いわ,かくとう
719,640,ビリジオン,5,91,90,72,90,129,108,せいぎのこころ,-,-,くさ,かくとう
720,641,トルネロス,5,79,115,70,125,80,111,いたずらごころ,-,まけんき,ひこう,-
721,641,トルネロス,5,79,100,80,110,90,121,さいせいりょく,-,-,ひこう,-
722,642,ボルトロス,5,79,115,70,125,80,111,いたずらごころ,-,まけんき,でんき,ひこう
723,642,ボルトロス,5,79,105,70,145,80,101,ちくでん,-,-,でんき,ひこう
724,643,レシラム,5,100,120,100,150,120,90,ターボブレイズ,-,-,ドラゴン,ほのお
725,644,ゼクロム,5,100,150,120,120,100,90,テラボルテージ,-,-,ドラゴン,でんき
726,645,ランドロス,5,89,125,90,115,80,101,すなのちから,-,ちからずく,じめん,ひこう
727,645,ランドロス,5,89,145,90,105,80,91,いかく,-,-,じめん,ひこう
728,646,キュレム,5,125,130,90,130,90,95,プレッシャー,-,-,ドラゴン,こおり
729,646,ブラックキュレム,5,125,120,90,170,100,95,テラボルテージ,-,-,ドラゴン,こおり
730,646,ホワイトキュレム,5,125,170,100,120,90,95,ターボブレイズ,-,-,ドラゴン,こおり
731,647,ケルディオ,5,91,72,90,129,90,108,せいぎのこころ,-,-,みず,かくとう
732,647,ケルディオ,5,91,72,90,129,90,108,せいぎのこころ,-,-,みず,かくとう
733,648,メロエッタ,5,100,77,77,128,128,90,てんのめぐみ,-,-,ノーマル,エスパー
734,648,メロエッタ,5,100,128,90,77,77,128,てんのめぐみ,-,-,ノーマル,かくとう
735,649,ゲノセクト,5,71,120,95,120,95,99,ダウンロード,-,-,むし,はがね
736,650,ハリマロン,6,56,61,65,48,45,38,しんりょく,-,ぼうだん,くさ,-
737,651,ハリボーグ,6,61,78,95,56,58,57,しんりょく,-,ぼうだん,くさ,-
738,652,ブリガロン,6,88,107,122,74,75,64,しんりょく,-,ぼうだん,くさ,かくとう
739,653,フォッコ,6,40,45,40,62,60,60,もうか,-,マジシャン,ほのお,-
740,654,テールナー,6,59,59,58,90,70,73,もうか,-,マジシャン,ほのお,-
741,655,マフォクシー,6,75,69,72,114,100,104,もうか,-,マジシャン,ほのお,エスパー
742,656,ケロマツ,6,41,56,40,62,44,71,げきりゅう,-,へんげんじざい,みず,-
743,657,ゲコガシラ,6,54,63,52,83,56,97,げきりゅう,-,へんげんじざい,みず,-
744,658,ゲッコウガ,6,72,95,67,103,71,122,げきりゅう,-,へんげんじざい,みず,あく
745,658,ゲッコウガ,7,72,145,67,153,71,132,キズナヘンゲ,-,-,みず,あく
746,659,ホルビー,6,38,36,38,32,36,57,ものひろい,ほおぶくろ,ちからもち,ノーマル,-
747,660,ホルード,6,85,56,77,50,77,78,ものひろい,ほおぶくろ,ちからもち,ノーマル,じめん
748,661,ヤヤコマ,6,45,50,43,40,38,62,はとむね,-,はやてのつばさ,ノーマル,ひこう
749,662,ヒノヤコマ,6,62,73,55,56,52,84,ほのおのからだ,-,はやてのつばさ,ほのお,ひこう
750,663,ファイアロー,6,78,81,71,74,69,126,ほのおのからだ,-,はやてのつばさ,ほのお,ひこう
751,664,コフキムシ,6,38,35,40,27,25,35,りんぷん,ふくがん,フレンドガード,むし,-
752,665,コフーライ,6,45,22,60,27,30,29,だっぴ,-,フレンドガード,むし,-
753,666,ビビヨン,6,80,52,50,90,50,89,りんぷん,ふくがん,フレンドガード,むし,ひこう
754,667,シシコ,6,62,50,58,73,54,72,とうそうしん,きんちょうかん,じしんかじょう,ほのお,ノーマル
755,668,カエンジシ,6,86,68,72,109,66,106,とうそうしん,きんちょうかん,じしんかじょう,ほのお,ノーマル
756,669,フラベベ,6,44,38,39,61,79,42,フラワーベール,-,きょうせい,フェアリー,-
757,670,フラエッテ,6,54,45,47,75,98,52,フラワーベール,-,きょうせい,フェアリー,-
758,670,フラエッテ,6,74,65,67,125,128,92,フラワーベール,-,きょうせい,フェアリー,-
759,671,フラージェス,6,78,65,68,112,154,75,フラワーベール,-,きょうせい,フェアリー,-
760,672,メェークル,6,66,65,48,62,57,52,そうしょく,-,くさのけがわ,くさ,-
761,673,ゴーゴート,6,123,100,62,97,81,68,そうしょく,-,くさのけがわ,くさ,-
762,674,ヤンチャム,6,67,82,62,46,48,43,てつのこぶし,かたやぶり,きもったま,かくとう,-
763,675,ゴロンダ,6,95,124,78,69,71,58,てつのこぶし,かたやぶり,きもったま,あく,かくとう
764,676,トリミアン,6,75,80,60,65,90,102,ファーコート,-,-,ノーマル,-
765,677,ニャスパー,6,62,48,54,63,60,68,するどいめ,すりぬけ,マイペース,エスパー,-
766,678,ニャオニクス,6,74,48,76,83,81,104,するどいめ,すりぬけ,いたずらごころ,エスパー,-
767,678,ニャオニクス,6,74,48,76,83,81,104,するどいめ,すりぬけ,かちき,エスパー,-
768,679,ヒトツキ,6,45,80,100,35,37,28,ノーガード,-,-,はがね,ゴースト
769,680,ニダンギル,6,59,110,150,45,49,35,ノーガード,-,-,はがね,ゴースト
770,681,ギルガルド,6,60,50,150,50,150,60,バトルスイッチ,-,-,はがね,ゴースト
771,681,ギルガルド,6,60,150,50,150,50,60,バトルスイッチ,-,-,はがね,ゴースト
772,682,シュシュプ,6,78,52,60,63,65,23,いやしのこころ,-,アロマベール,フェアリー,-
773,683,フレフワン,6,101,72,72,99,89,29,いやしのこころ,-,アロマベール,フェアリー,-
774,684,ペロッパフ,6,62,48,66,59,57,49,スイートベール,-,かるわざ,フェアリー,-
775,685,ペロリーム,6,82,80,86,85,75,72,スイートベール,-,かるわざ,フェアリー,-
776,686,マーイーカ,6,53,54,53,37,46,45,あまのじゃく,きゅうばん,すりぬけ,あく,エスパー
777,687,カラマネロ,6,86,92,88,68,75,73,あまのじゃく,きゅうばん,すりぬけ,あく,エスパー
778,688,カメテテ,6,42,52,67,39,56,50,かたいツメ,スナイパー,わるいてぐせ,いわ,みず
779,689,ガメノデス,6,72,105,115,54,86,68,かたいツメ,スナイパー,わるいてぐせ,いわ,みず
780,690,クズモー,6,50,60,60,60,60,30,どくのトゲ,どくしゅ,てきおうりょく,どく,みず
781,691,ドラミドロ,6,65,75,90,97,123,44,どくのトゲ,どくしゅ,てきおうりょく,どく,ドラゴン
782,692,ウデッポウ,6,50,53,62,58,63,44,メガランチャー,-,-,みず,-
783,693,ブロスター,6,71,73,88,120,89,59,メガランチャー,-,-,みず,-
784,694,エリキテル,6,44,38,33,61,43,70,かんそうはだ,すながくれ,サンパワー,でんき,ノーマル
785,695,エレザード,6,62,55,52,109,94,109,かんそうはだ,すながくれ,サンパワー,でんき,ノーマル
786,696,チゴラス,6,58,89,77,45,45,48,がんじょうあご,-,がんじょう,いわ,ドラゴン
787,697,ガチゴラス,6,82,121,119,69,59,71,がんじょうあご,-,いしあたま,いわ,ドラゴン
788,698,アマルス,6,77,59,50,67,63,46,フリーズスキン,-,ゆきふらし,いわ,こおり
789,699,アマルルガ,6,123,77,72,99,92,58,フリーズスキン,-,ゆきふらし,いわ,こおり
790,700,ニンフィア,6,95,65,65,110,130,60,メロメロボディ,-,フェアリースキン,フェアリー,-
791,701,ルチャブル,6,78,92,75,74,63,118,じゅうなん,かるわざ,かたやぶり,かくとう,ひこう
792,702,デデンネ,6,67,58,57,81,67,101,ほおぶくろ,ものひろい,プラス,でんき,フェアリー
793,703,メレシー,6,50,50,150,50,150,50,クリアボディ,-,がんじょう,いわ,フェアリー
794,704,ヌメラ,6,45,50,35,55,75,40,そうしょく,うるおいボディ,ぬめぬめ,ドラゴン,-
795,705,ヌメイル,6,68,75,53,83,113,60,そうしょく,うるおいボディ,ぬめぬめ,ドラゴン,-
796,706,ヌメルゴン,6,90,100,70,110,150,80,そうしょく,うるおいボディ,ぬめぬめ,ドラゴン,-
797,707,クレッフィ,6,57,80,91,80,87,75,いたずらごころ,-,マジシャン,フェアリー,はがね
798,708,ボクレー,6,43,70,48,50,60,38,しぜんかいふく,おみとおし,しゅうかく,ゴースト,くさ
799,709,オーロット,6,85,110,76,65,82,56,しぜんかいふく,おみとおし,しゅうかく,ゴースト,くさ
800,710,バケッチャ,6,44,66,70,44,55,56,ものひろい,おみとおし,ふみん,ゴースト,くさ
801,710,バケッチャ,6,49,66,70,44,55,51,ものひろい,おみとおし,ふみん,ゴースト,くさ
802,710,バケッチャ,6,54,66,70,44,55,46,ものひろい,おみとおし,ふみん,ゴースト,くさ
803,710,バケッチャ,6,59,66,70,44,55,41,ものひろい,おみとおし,ふみん,ゴースト,くさ
804,711,パンプジン,6,55,85,122,58,75,99,ものひろい,おみとおし,ふみん,ゴースト,くさ
805,711,パンプジン,6,65,90,122,58,75,84,ものひろい,おみとおし,ふみん,ゴースト,くさ
806,711,パンプジン,6,75,95,122,58,75,69,ものひろい,おみとおし,ふみん,ゴースト,くさ
807,711,パンプジン,6,85,100,122,58,75,54,ものひろい,おみとおし,ふみん,ゴースト,くさ
808,712,カチコール,6,55,69,85,32,35,28,マイペース,アイスボディ,がんじょう,こおり,-
809,713,クレベース,6,95,117,184,44,46,28,マイペース,アイスボディ,がんじょう,こおり,-
810,714,オンバット,6,40,30,35,45,40,55,おみとおし,すりぬけ,テレパシー,ドラゴン,ひこう
811,715,オンバーン,6,85,70,80,97,80,123,おみとおし,すりぬけ,テレパシー,ドラゴン,ひこう
812,716,ゼルネアス,6,126,131,95,131,98,99,フェアリーオーラ,-,-,フェアリー,-
813,717,イベルタル,6,126,131,95,131,98,99,ダークオーラ,-,-,あく,ひこう
814,718,ジガルデ,6,108,100,121,81,95,95,オーラブレイク,-,スワームチェンジ,ドラゴン,じめん
815,718,ジガルデ,6,54,100,71,61,85,115,オーラブレイク,-,スワームチェンジ,ドラゴン,じめん
816,718,ジガルデ,6,216,100,121,91,95,85,スワームチェンジ,-,-,ドラゴン,じめん
817,719,ディアンシー,6,50,100,150,100,150,50,クリアボディ,-,-,いわ,フェアリー
818,719,メガディアンシー,6,50,160,110,160,110,110,マジックミラー,-,-,いわ,フェアリー
819,720,フーパ,6,80,110,60,150,130,70,マジシャン,-,-,エスパー,ゴースト
820,720,フーパ,6,80,160,60,170,130,80,マジシャン,-,-,エスパー,あく
821,721,ボルケニオン,6,80,110,120,130,90,70,ちょすい,-,-,ほのお,みず
822,722,モクロー,7,68,55,55,50,50,42,しんりょく,-,えんかく,くさ,ひこう
823,723,フクスロー,7,78,75,75,70,70,52,しんりょく,-,えんかく,くさ,ひこう
824,724,ジュナイパー,7,78,107,75,100,100,70,しんりょく,-,えんかく,くさ,ゴースト
825,725,ニャビー,7,45,65,40,60,40,70,もうか,-,いかく,ほのお,-
826,726,ニャヒート,7,65,85,50,80,50,90,もうか,-,いかく,ほのお,-
827,727,ガオガエン,7,95,115,90,80,50,60,もうか,-,いかく,ほのお,あく
828,728,アシマリ,7,50,54,54,66,56,40,げきりゅう,-,うるおいボイス,みず,-
829,729,オシャマリ,7,60,69,69,91,81,50,げきりゅう,-,うるおいボイス,みず,-
830,730,アシレーヌ,7,80,74,74,126,116,60,げきりゅう,-,うるおいボイス,みず,フェアリー
831,731,ツツケラ,7,35,75,30,30,30,65,するどいめ,スキルリンク,ものひろい,ノーマル,ひこう
832,732,ケララッパ,7,55,85,50,40,50,75,するどいめ,スキルリンク,ものひろい,ノーマル,ひこう
833,733,ドデカバシ,7,80,120,75,75,75,60,するどいめ,スキルリンク,ものひろい,ノーマル,ひこう
834,734,ヤングース,7,48,70,30,30,30,45,はりこみ,がんじょうあご,てきおうりょく,ノーマル,-
835,735,デカグース,7,88,110,60,55,60,45,はりこみ,がんじょうあご,てきおうりょく,ノーマル,-
836,736,アゴジムシ,7,47,62,45,55,45,46,むしのしらせ,-,-,むし,-
837,737,デンヂムシ,7,57,82,95,55,75,36,バッテリー,-,-,むし,でんき
838,738,クワガノン,7,77,70,90,145,75,43,ふゆう,-,-,むし,でんき
839,739,マケンカニ,7,47,82,57,42,47,63,かいりきバサミ,てつのこぶし,いかりのつぼ,かくとう,-
840,740,ケケンカニ,7,97,132,77,62,67,43,かいりきバサミ,てつのこぶし,いかりのツボ,かくとう,こおり
841,741,オドリドリ,7,75,70,70,98,70,93,おどりこ,-,-,ほのお,ひこう
842,741,オドリドリ,7,75,70,70,98,70,93,おどりこ,-,-,でんき,ひこう
843,741,オドリドリ,7,75,70,70,98,70,93,おどりこ,-,-,エスパー,ひこう
844,741,オドリドリ,7,75,70,70,98,70,93,おどりこ,-,-,ゴースト,ひこう
845,742,アブリー,7,40,45,40,55,40,84,みつあつめ,りんぷん,スイートベール,むし,フェアリー
846,743,アブリボン,7,60,55,60,95,70,124,みつあつめ,りんぷん,スイートベール,むし,フェアリー
847,744,イワンコ,7,45,65,40,30,40,60,するどいめ,やるき,ふくつのこころ,いわ,-
848,745,ルガルガン,7,75,115,65,55,65,112,するどいめ,すなかき,ふくつのこころ,いわ,-
849,745,ルガルガン,7,85,115,75,55,75,82,するどいめ,やるき,ノーガード,いわ,-
850,745,ルガルガン,7,75,117,65,55,65,110,かたいツメ,-,-,いわ,-
851,746,ヨワシ,7,45,20,20,25,25,40,ぎょぐん,-,ぎょぐん,みず,-
852,746,ヨワシ,7,45,140,130,140,135,30,ぎょぐん,-,ぎょぐん,みず,-
853,747,ヒドイデ,7,50,53,62,43,52,45,ひとでなし,じゅうなん,さいせいりょく,ノーマル,ドラゴン
854,748,ドヒドイデ,7,50,63,152,53,142,35,ひとでなし,じゅうなん,さいせいりょく,どく,みず
855,749,ドロバンコ,7,70,100,70,45,55,45,マイペース,じきゅうりょく,-,じめん,-
856,750,バンバドロ,7,100,125,100,55,85,35,マイペース,じきゅうりょく,-,じめん,-
857,751,シズクモ,7,38,40,52,40,72,27,すいほう,-,ちょすい,ノーマル,ドラゴン
858,752,オニシズクモ,7,68,70,92,50,132,42,すいほう,-,ちょすい,みず,むし
859,753,カリキリ,7,40,55,35,50,35,35,リーフガード,-,あまのじゃく,くさ,-
860,754,ラランテス,7,70,105,90,80,90,45,リーフガード,-,あまのじゃく,くさ,-
861,755,ネマシュ,7,40,35,55,65,75,15,はっこう,ほうし,あめうけざら,くさ,フェアリー
862,756,マシェード,7,60,45,80,90,100,30,はっこう,ほうし,あめうけざら,くさ,フェアリー
863,757,ヤトウモリ,7,48,44,40,71,40,77,ふしょく,-,どんかん,どく,ほのお
864,758,エンニュート,7,68,64,60,111,60,117,ふしょく,-,どんかん,どく,ほのお
865,759,ヌイコグマ,7,70,75,50,45,50,50,もふもふ,ぶきよう,メロメロボディ,ノーマル,かくとう
866,760,キテルグマ,7,120,125,80,55,60,60,もふもふ,ぶきよう,きんちょうかん,ノーマル,かくとう
867,761,アマカジ,7,42,30,38,30,38,32,リーフガード,どんかん,スイートベール,くさ,-
868,762,アママイコ,7,52,40,48,40,48,62,リーフガード,どんかん,スイートベール,くさ,-
869,763,アマージョ,7,72,120,98,50,98,72,リーフガード,じょおうのいげん,スイートベール,くさ,-
870,764,キュワワー,7,51,52,90,82,110,100,フラワーベール,ヒーリングシフト,しぜんかいふく,フェアリー,-
871,765,ヤレユータン,7,90,60,80,90,110,60,せいしんりょく,テレパシー,きょうせい,ノーマル,エスパー
872,766,ナゲツケサル,7,100,120,90,40,60,80,レシーバー,-,まけんき,かくとう,-
873,767,コソクムシ,7,25,35,40,20,30,80,にげごし,-,-,むし,みず
874,768,グソクムシャ,7,75,125,140,60,90,40,ききかいひ,-,-,むし,みず
875,769,スナバァ,7,55,55,80,70,45,15,みずがため,-,すながくれ,ゴースト,じめん
876,770,シロデスナ,7,85,75,110,100,75,35,みずがため,-,すながくれ,ゴースト,じめん
877,771,ナマコブシ,7,55,60,130,30,130,5,とびだすなかみ,-,てんねん,みず,-
878,772,タイプ：ヌル,7,95,95,95,95,95,59,カブトアーマー,-,-,ノーマル,-
879,773,シルヴァディ,7,95,95,95,95,95,95,ＡＲシステム,-,-,ノーマル,-
880,774,メテノ,7,60,60,100,60,100,60,リミットシールド,-,-,いわ,ひこう
881,774,メテノ,7,60,100,60,100,60,120,リミットシールド,-,-,いわ,ひこう
882,775,ネッコアラ,7,65,115,65,75,95,65,ぜったいねむり,-,-,ノーマル,-
883,776,バクガメス,7,60,78,135,91,85,36,シェルアーマー,-,-,ほのお,ドラゴン
884,777,トゲデマル,7,65,98,63,40,73,96,てつのトゲ,ひらいしん,がんじょう,でんき,はがね
885,778,ミミッキュ,7,55,90,80,50,105,96,ばけのかわ,-,-,ゴースト,フェアリー
886,779,ハギギシリ,7,68,105,70,70,70,92,ビビッドボディ,がんじょうあご,ミラクルスキン,みず,エスパー
887,780,ジジーロン,7,78,60,85,135,91,36,ぎゃくじょう,そうしょく,ノーてんき,ノーマル,ドラゴン
888,781,ダダリン,7,70,131,100,86,90,40,はがねつかい,-,-,ゴースト,くさ
889,782,ジャラコ,7,45,55,65,45,45,45,ぼうだん,ぼうおん,ぼうじん,ドラゴン,-
890,783,ジャランゴ,7,55,75,90,65,70,65,ぼうだん,ぼうおん,ぼうじん,ドラゴン,かくとう
891,784,ジャラランガ,7,75,110,125,100,105,85,ぼうだん,ぼうおん,ぼうじん,ドラゴン,かくとう
892,785,カプ・コケコ,7,70,115,85,95,75,130,エレキメーカー,-,テレパシー,でんき,フェアリー
893,786,カプ・テテフ,7,70,85,75,130,115,95,サイコメイカー,-,テレパシー,エスパー,フェアリー
894,787,カプ・ブルル,7,70,130,115,85,95,75,グラスメイカー,-,テレパシー,くさ,フェアリー
895,788,カプ・レヒレ,7,70,75,115,95,130,85,ミストメイカー,-,テレパシー,みず,フェアリー
896,789,コスモッグ,7,43,29,31,29,31,37,てんねん,-,-,エスパー,-
897,790,コスモウム,7,43,29,131,29,131,37,がんじょう,-,-,エスパー,-
898,791,ソルガレオ,7,137,137,107,113,89,97,メタルプロテクト,-,-,エスパー,はがね
899,792,ルナアーラ,7,137,113,89,137,107,97,ファントムガード,-,-,エスパー,ゴースト
900,793,ウツロイド,7,109,53,47,127,131,103,ビーストブースト,-,-,いわ,どく
901,794,マッシブーン,7,107,139,139,53,53,79,ビーストブースト,-,-,むし,かくとう
902,795,フェローチェ,7,71,137,37,137,37,151,ビーストブースト,-,-,むし,かくとう
903,796,デンジュモク,7,83,89,71,173,71,83,ビーストブースト,-,-,でんき,-
904,797,テッカグヤ,7,97,101,103,107,101,61,ビーストブースト,-,-,はがね,ゴースト
905,798,カミツルギ,7,59,181,131,59,31,109,ビーストブースト,-,-,くさ,はがね
906,799,アクジキング,7,223,101,53,97,53,43,ビーストブースト,-,-,ドラゴン,あく
907,800,ネクロズマ,7,97,107,101,127,89,79,プリズムアーマー,-,-,エスパー,-
908,800,ネクロズマ,7,97,113,109,157,127,77,プリズムアーマー,-,-,エスパー,はがね
909,800,ネクロズマ,7,97,157,127,113,109,77,プリズムアーマー,-,-,エスパー,ゴースト
910,800,ネクロズマ,7,97,167,97,167,97,129,ブレインフォース,-,-,エスパー,ドラゴン
911,801,マギアナ,7,80,95,115,130,115,65,ソウルハート,-,-,はがね,フェアリー
912,802,マーシャドー,7,90,125,80,90,90,125,テクニシャン,-,-,かくとう,ゴースト
913,803,ベベノム,7,67,73,67,73,67,73,ビーストブースト,-,-,どく,-
914,804,アーゴヨン,7,73,73,73,127,73,121,ビーストブースト,-,-,どく,ドラゴン
915,805,ツンデツンデ,7,61,131,211,53,101,13,ビーストブースト,-,-,いわ,はがね
916,806,ズガドーン,7,53,127,53,151,79,107,ビーストブースト,-,-,ほのお,ゴースト
917,807,ゼラオラ,7,88,112,75,102,80,143,ちくでん,-,-,でんき,-
